1,Walsh,De Rechter,wderechter0@bizjournals.com,Male,125.132.231.221,false
2,Dwight,Evins,devins1@networkadvertising.org,Genderfluid,54.107.164.228,true
3,Barty,Dreamer,bdreamer2@go.com,Male,39.203.157.39,true
4,Christal,Chaudron,cchaudron3@hostgator.com,Female,44.223.174.193,false
5,Adolpho,Malthouse,amalthouse4@paginegialle.it,Male,124.26.79.133,true
6,Clerissa,Zorro,czorro5@bizjournals.com,Non-binary,97.72.21.132,true
7,Hendrick,Middlewick,hmiddlewick6@typepad.com,Male,159.208.1.80,true
8,Wes,Mullenger,wmullenger7@soundcloud.com,Male,141.215.79.134,false
9,Farlee,Holdall,fholdall8@google.pl,Male,184.5.215.62,false
10,Aimil,Hastler,ahastler9@angelfire.com,Female,201.186.88.253,true
11,Terrijo,Petre,tpetrea@go.com,Female,44.73.247.94,true
12,Yul,Van Oort,yvanoortb@bloomberg.com,Male,139.159.78.192,true
13,Ruthe,Aery,raeryc@reference.com,Female,46.45.183.184,true
14,Helene,Atrill,hatrilld@sina.com.cn,Female,154.223.133.141,false
15,Cindra,Albrecht,calbrechte@rediff.com,Female,77.58.56.168,true
16,Kilian,Denzilow,kdenzilowf@ihg.com,Male,59.22.200.111,true
17,Tobiah,Mattussevich,tmattussevichg@rambler.ru,Male,129.164.123.153,true
18,Jule,Brozsset,jbrozsseth@si.edu,Genderqueer,204.207.53.178,false
19,Biron,Petriello,bpetrielloi@cdbaby.com,Male,181.106.120.115,true
20,Rachelle,Blaxley,rblaxleyj@samsung.com,Female,2.225.252.245,false
21,Thornton,Heffer,thefferk@adobe.com,Male,237.124.7.192,false
22,Antons,Gwilliam,agwilliaml@360.cn,Male,178.195.244.21,true
23,Nell,Gierok,ngierokm@google.nl,Female,57.27.61.215,true
24,Hubie,Fursey,hfurseyn@icq.com,Male,24.226.237.238,true
25,Tabina,Dinsell,tdinsello@amazon.de,Female,140.220.52.223,false
26,Walton,Roly,wrolyp@google.com.hk,Male,134.244.139.58,true
27,Hadrian,Parks,hparksq@phoca.cz,Male,223.61.144.7,false
28,Bettine,Baudinelli,bbaudinellir@posterous.com,Female,54.88.136.90,false
29,Rosaleen,Brough,rbroughs@cmu.edu,Female,114.51.135.193,false
30,Teresita,Todari,ttodarit@sogou.com,Female,250.192.207.236,false
31,Jude,Itschakov,jitschakovu@patch.com,Male,17.213.123.30,true
32,Georges,Spuner,gspunerv@about.me,Male,2.150.87.181,false
33,Araldo,Tanser,atanserw@engadget.com,Male,224.57.7.27,true
34,Deb,Gavaran,dgavaranx@4shared.com,Female,246.147.224.10,true
35,Dwayne,Golby,dgolbyy@webmd.com,Male,90.249.230.7,true
36,Saunderson,Bunt,sbuntz@devhub.com,Male,0.182.10.29,false
37,Bellina,Symmers,bsymmers10@hubpages.com,Female,16.216.79.17,true
38,Tabb,Lathom,tlathom11@people.com.cn,Male,56.40.224.240,true
39,Lusa,McClenan,lmcclenan12@google.com.au,Female,153.192.10.252,false
40,Nico,Polhill,npolhill13@twitter.com,Genderqueer,156.124.182.82,false
41,Alvy,Odgers,aodgers14@toplist.cz,Male,43.234.255.97,false
42,Kane,Baden,kbaden15@mysql.com,Male,91.207.221.103,true
43,Lavinie,McTeague,lmcteague16@yahoo.com,Female,161.88.72.197,false
44,Leonanie,Maryan,lmaryan17@xrea.com,Female,120.110.51.157,false
45,Darbee,Gerssam,dgerssam18@spotify.com,Male,101.34.114.12,false
46,Pen,Cardew,pcardew19@privacy.gov.au,Female,105.22.45.4,false
47,Rhianna,Matushenko,rmatushenko1a@washington.edu,Female,229.79.166.69,false
48,Michell,Copner,mcopner1b@miitbeian.gov.cn,Female,156.216.84.62,false
49,Claudetta,Gelderd,cgelderd1c@epa.gov,Female,67.28.46.153,false
50,Karisa,Raoul,kraoul1d@furl.net,Female,8.229.92.91,false
51,Tabor,Bullick,tbullick1e@pinterest.com,Male,170.111.16.94,true
52,Karissa,Eickhoff,keickhoff1f@bing.com,Female,48.241.85.219,true
53,Charity,Garretts,cgarretts1g@apache.org,Female,249.134.142.44,false
54,Hertha,Kingswood,hkingswood1h@addtoany.com,Female,226.60.141.178,false
55,Denni,Probbing,dprobbing1i@elegantthemes.com,Female,142.242.164.68,false
56,Mildred,Boundy,mboundy1j@indiatimes.com,Female,104.125.248.209,true
57,Zared,Clunie,zclunie1k@tripadvisor.com,Male,56.240.102.140,false
58,Moyna,Gorrissen,mgorrissen1l@skyrock.com,Female,175.188.5.132,false
59,Lyndy,Pilcher,lpilcher1m@vkontakte.ru,Female,207.202.140.101,false
60,Casie,Gladstone,cgladstone1n@miitbeian.gov.cn,Genderfluid,107.113.116.87,true
61,Gaspard,Brimham,gbrimham1o@chron.com,Male,100.110.87.50,false
62,Judas,McIlwreath,jmcilwreath1p@moonfruit.com,Male,21.38.234.185,false
63,Catie,Muro,cmuro1q@yahoo.com,Female,219.250.62.74,false
64,Wheeler,Cookman,wcookman1r@marketwatch.com,Male,109.121.49.188,true
65,Dulcia,Fullerlove,dfullerlove1s@disqus.com,Female,45.174.233.47,false
66,Emilia,Jouannisson,ejouannisson1t@forbes.com,Female,183.193.228.184,false
67,Lalo,Stoyell,lstoyell1u@mac.com,Male,253.237.169.35,false
68,Noel,Peaple,npeaple1v@mayoclinic.com,Female,206.114.253.240,false
69,Carlyn,Elldred,celldred1w@tinypic.com,Female,46.68.11.121,true
70,Burlie,Swadlin,bswadlin1x@printfriendly.com,Non-binary,171.35.184.3,true
71,Bernardina,Buckham,bbuckham1y@google.de,Female,70.111.232.212,true
72,Orland,Mowsdale,omowsdale1z@wordpress.com,Male,233.247.34.249,false
73,Rudiger,Douberday,rdouberday20@chronoengine.com,Non-binary,183.60.43.80,false
74,Oby,Steggals,osteggals21@globo.com,Male,46.245.84.223,false
75,Ambros,St. Clair,astclair22@istockphoto.com,Male,182.217.66.182,false
76,Ardis,Vayne,avayne23@unesco.org,Female,254.15.48.67,false
77,Walt,Cobbing,wcobbing24@imageshack.us,Male,91.92.42.41,false
78,Jacquetta,Abbyss,jabbyss25@vistaprint.com,Female,232.4.125.197,true
79,Lola,Simmank,lsimmank26@skype.com,Female,4.173.84.143,true
80,Antonia,Druce,adruce27@vkontakte.ru,Female,223.176.8.228,false
81,Von,MacLure,vmaclure28@blinklist.com,Male,128.14.74.27,true
82,Gran,Lemonnier,glemonnier29@a8.net,Male,86.103.70.202,false
83,Glynn,Van der Merwe,gvandermerwe2a@gmpg.org,Polygender,160.134.8.174,true
84,Krystal,Ennals,kennals2b@skyrock.com,Female,233.37.126.7,true
85,Larisa,Ruddick,lruddick2c@artisteer.com,Female,220.160.34.20,true
86,Preston,Winks,pwinks2d@indiegogo.com,Male,78.107.26.142,false
87,Dell,Klauer,dklauer2e@prnewswire.com,Female,221.60.80.99,false
88,Phillipp,De Robertis,pderobertis2f@springer.com,Male,68.178.54.32,true
89,Reider,O' Connell,roconnell2g@yellowpages.com,Male,76.91.131.244,true
90,Derward,Snarr,dsnarr2h@va.gov,Male,240.46.17.98,false
91,Nealon,Vernay,nvernay2i@github.com,Male,77.16.204.37,false
92,Sterling,Bassom,sbassom2j@symantec.com,Male,242.15.79.217,true
93,Dewain,Hiorn,dhiorn2k@ucsd.edu,Male,16.184.82.149,false
94,Lem,Finden,lfinden2l@skyrock.com,Male,81.164.30.175,true
95,Vance,Asif,vasif2m@uiuc.edu,Male,162.128.173.196,true
96,Guenevere,Phizakarley,gphizakarley2n@com.com,Female,227.41.244.146,false
97,Leontine,Lippini,llippini2o@patch.com,Female,203.158.14.214,true
98,Joella,Baddam,jbaddam2p@simplemachines.org,Female,111.19.151.21,false
99,Natalee,Hampe,nhampe2q@gov.uk,Female,203.132.77.234,true
100,Berthe,McNirlan,bmcnirlan2r@free.fr,Female,241.35.18.175,true
101,Patrizia,McPaike,pmcpaike2s@imageshack.us,Female,165.80.228.101,true
102,Raoul,Ivey,rivey2t@ftc.gov,Male,203.20.201.217,false
103,Tuckie,Twycross,ttwycross2u@flavors.me,Male,4.103.125.74,false
104,Rodrick,Cockings,rcockings2v@telegraph.co.uk,Male,43.238.25.178,false
105,Odessa,Marham,omarham2w@reference.com,Female,224.183.50.224,false
106,Ezra,Masterman,emasterman2x@usgs.gov,Male,196.117.192.126,false
107,Allister,Strain,astrain2y@amazon.com,Male,211.147.197.139,false
108,Heida,Petrashov,hpetrashov2z@studiopress.com,Female,176.110.176.78,false
109,Allister,Clowley,aclowley30@4shared.com,Male,243.168.193.236,true
110,Irvin,Abramof,iabramof31@vinaora.com,Male,171.89.122.109,false
111,Gale,Mellmoth,gmellmoth32@devhub.com,Female,57.121.153.112,false
112,Nadia,Sandey,nsandey33@desdev.cn,Non-binary,136.249.213.215,true
113,Bidget,Doucette,bdoucette34@dell.com,Non-binary,18.197.166.187,true
114,Bobby,Veschi,bveschi35@tumblr.com,Male,74.186.247.244,true
115,Mariya,Donegan,mdonegan36@infoseek.co.jp,Female,234.145.7.234,false
116,Benedict,McGowran,bmcgowran37@ibm.com,Male,114.57.81.84,true
117,Budd,Alsopp,balsopp38@blogger.com,Male,65.84.75.176,false
118,Melinde,Gotts,mgotts39@live.com,Female,7.140.144.117,false
119,Zolly,Paulmann,zpaulmann3a@gnu.org,Bigender,11.103.218.245,false
120,Robby,Peet,rpeet3b@blog.com,Male,228.182.14.72,true
121,Herb,Wadworth,hwadworth3c@icq.com,Male,63.168.174.201,false
122,Abramo,Crosthwaite,acrosthwaite3d@altervista.org,Male,169.208.69.180,false
123,Homere,Diano,hdiano3e@tripod.com,Bigender,235.80.55.152,false
124,Kevina,Kittles,kkittles3f@usa.gov,Female,172.0.110.101,false
125,Nicolais,Fuggles,nfuggles3g@themeforest.net,Male,89.242.173.246,true
126,Amalita,Baszniak,abaszniak3h@github.io,Female,96.58.66.68,true
127,Celestine,Posner,cposner3i@vistaprint.com,Female,59.110.233.197,false
128,Frederico,Lindenfeld,flindenfeld3j@ucoz.ru,Male,191.166.225.187,true
129,Alexa,Sitford,asitford3k@nature.com,Female,178.66.51.74,false
130,Giorgia,Dungate,gdungate3l@yellowbook.com,Female,158.190.185.49,true
131,Leyla,Blabber,lblabber3m@jigsy.com,Female,0.189.71.8,true
132,Michal,Sibbering,msibbering3n@cnet.com,Male,147.178.105.158,false
133,Renault,Fetterplace,rfetterplace3o@whitehouse.gov,Male,118.206.179.6,false
134,Debee,Whichelow,dwhichelow3p@multiply.com,Female,190.44.51.50,false
135,Dani,Pedlingham,dpedlingham3q@cornell.edu,Male,103.14.105.224,true
136,Mirilla,Binder,mbinder3r@merriam-webster.com,Female,15.18.193.32,false
137,Richart,Aslam,raslam3s@fastcompany.com,Male,66.106.224.26,false
138,Eustacia,Redwood,eredwood3t@europa.eu,Female,77.58.238.226,false
139,Adamo,Tumpane,atumpane3u@last.fm,Male,117.9.27.153,true
140,Westleigh,Layman,wlayman3v@usgs.gov,Male,75.137.143.114,false
141,Maribeth,Pakenham,mpakenham3w@tripadvisor.com,Female,64.250.134.166,false
142,Emiline,Bordman,ebordman3x@amazonaws.com,Female,106.65.244.80,true
143,Koralle,Mordue,kmordue3y@adobe.com,Female,240.133.204.216,true
144,Jonas,Renol,jrenol3z@pinterest.com,Male,173.215.206.20,false
145,Mortie,Benbrick,mbenbrick40@imageshack.us,Male,216.143.193.35,false
146,Adamo,Shrieves,ashrieves41@google.de,Male,59.86.43.147,true
147,Lindsy,Mattocks,lmattocks42@biglobe.ne.jp,Non-binary,251.95.50.232,false
148,Kenn,McGrann,kmcgrann43@cocolog-nifty.com,Male,220.80.120.73,true
149,Lars,Hing,lhing44@people.com.cn,Agender,160.74.219.67,true
150,Onfroi,Roloff,oroloff45@webeden.co.uk,Male,199.100.64.127,false
151,Farlie,Snookes,fsnookes46@zimbio.com,Male,172.171.143.39,false
152,Chaddy,Vern,cvern47@yelp.com,Male,134.240.233.156,true
153,Nickola,Escalera,nescalera48@spiegel.de,Male,146.242.240.139,true
154,Bibbie,Hillen,bhillen49@chron.com,Female,162.1.131.158,false
155,Jermaine,Klehn,jklehn4a@mac.com,Male,245.159.62.138,true
156,Harvey,Ratie,hratie4b@hibu.com,Male,195.51.126.72,true
157,Bryanty,McMennum,bmcmennum4c@xing.com,Non-binary,213.173.164.210,false
158,Athene,Pingston,apingston4d@list-manage.com,Female,0.113.162.88,false
159,Clarey,Lettice,clettice4e@sbwire.com,Female,239.233.224.5,true
160,Abe,MacAdie,amacadie4f@smh.com.au,Male,52.98.71.6,false
161,Sukey,Pinke,spinke4g@guardian.co.uk,Female,195.246.169.35,true
162,Milton,Kardos-Stowe,mkardosstowe4h@issuu.com,Male,49.1.158.70,false
163,Junina,Brummitt,jbrummitt4i@livejournal.com,Female,212.183.154.48,true
164,Orelie,Scrooby,oscrooby4j@tumblr.com,Female,149.159.185.69,false
165,Axe,Bremen,abremen4k@cyberchimps.com,Male,69.151.127.229,true
166,Franciska,Pimer,fpimer4l@techcrunch.com,Female,30.9.158.42,true
167,Stanley,Jeanesson,sjeanesson4m@phoca.cz,Male,169.220.39.66,true
168,Roarke,Quainton,rquainton4n@shop-pro.jp,Male,114.41.108.73,false
169,Ewen,Hollidge,ehollidge4o@live.com,Male,44.133.62.115,false
170,Ruperto,Buckthorpe,rbuckthorpe4p@addthis.com,Male,158.175.113.220,false
171,Chalmers,Scawn,cscawn4q@house.gov,Male,24.78.96.40,false
172,Malachi,Straneo,mstraneo4r@w3.org,Male,86.7.249.152,false
173,Dannye,Hearse,dhearse4s@webs.com,Female,120.111.23.182,true
174,Zerk,Franzini,zfranzini4t@biglobe.ne.jp,Non-binary,252.200.217.81,false
175,Sergeant,Happert,shappert4u@admin.ch,Male,37.56.210.97,false
176,Lisabeth,Brame,lbrame4v@unc.edu,Female,151.96.71.160,false
177,Tally,Brabbins,tbrabbins4w@qq.com,Female,179.174.12.221,false
178,Odille,Odeson,oodeson4x@princeton.edu,Female,28.244.220.155,false
179,Giacomo,Wadlow,gwadlow4y@sciencedaily.com,Male,211.74.103.16,false
180,Woodman,Foro,wforo4z@dell.com,Male,126.61.58.27,false
181,Mikey,Hick,mhick50@mayoclinic.com,Male,58.61.69.76,false
182,Collete,Chantrell,cchantrell51@canalblog.com,Female,26.39.43.216,true
183,Avictor,Dines,adines52@networksolutions.com,Male,89.107.230.135,false
184,Gareth,Quilleash,gquilleash53@tiny.cc,Male,98.21.76.216,true
185,Katti,Halligan,khalligan54@ifeng.com,Female,188.125.70.107,false
186,Lorne,Gaddas,lgaddas55@dell.com,Male,148.147.178.174,true
187,Isabelle,Libbe,ilibbe56@sakura.ne.jp,Female,224.190.93.150,true
188,Ursula,Galer,ugaler57@ameblo.jp,Polygender,46.54.182.122,false
189,Opal,Coxhead,ocoxhead58@senate.gov,Female,55.33.207.19,false
190,Burton,Rosario,brosario59@nhs.uk,Male,17.215.130.59,false
191,Crissy,Belamy,cbelamy5a@npr.org,Female,105.117.95.73,true
192,Enid,Dunsmore,edunsmore5b@ucla.edu,Female,135.27.54.14,false
193,Gerald,Mucklo,gmucklo5c@1688.com,Male,92.204.35.96,true
194,Ilene,McCaughey,imccaughey5d@geocities.jp,Female,159.108.243.57,true
195,Mellie,Stacey,mstacey5e@yahoo.co.jp,Female,203.157.11.120,true
196,Chick,Waller,cwaller5f@desdev.cn,Male,103.43.249.29,false
197,Jodi,Hirthe,jhirthe5g@typepad.com,Female,54.1.30.228,true
198,Ki,Dillinger,kdillinger5h@dyndns.org,Female,215.138.102.36,false
199,Blinny,Loughrey,bloughrey5i@sciencedaily.com,Female,80.210.232.182,false
200,Melloney,Rucklidge,mrucklidge5j@surveymonkey.com,Female,27.42.221.169,false
201,Luise,Boni,lboni5k@marketwatch.com,Female,55.211.122.3,true
202,Johnna,Arnholdt,jarnholdt5l@hhs.gov,Female,227.88.32.48,true
203,Hewie,Moxted,hmoxted5m@typepad.com,Male,98.217.91.26,true
204,Crystal,Cancellario,ccancellario5n@usatoday.com,Female,40.43.119.111,false
205,Link,Freemantle,lfreemantle5o@dagondesign.com,Male,51.40.9.173,false
206,Alexei,Rosier,arosier5p@cocolog-nifty.com,Male,150.67.198.249,true
207,Maureene,Marcam,mmarcam5q@techcrunch.com,Female,183.9.106.124,false
208,Kamila,Durston,kdurston5r@is.gd,Female,196.72.182.76,true
209,Cristobal,Manley,cmanley5s@uiuc.edu,Male,14.36.94.230,false
210,Hannis,Shorbrook,hshorbrook5t@weibo.com,Female,140.92.177.191,false
211,Emory,McNutt,emcnutt5u@hatena.ne.jp,Male,1.106.123.65,true
212,Charline,Osmund,cosmund5v@yelp.com,Polygender,49.26.113.255,false
213,Alicea,Gurry,agurry5w@loc.gov,Female,213.244.3.45,true
214,Hazel,Passe,hpasse5x@harvard.edu,Female,32.24.106.160,true
215,Rusty,Seeney,rseeney5y@abc.net.au,Male,145.92.246.111,false
216,Elinore,Coldbathe,ecoldbathe5z@meetup.com,Female,140.110.143.69,true
217,Codie,Lardeur,clardeur60@typepad.com,Male,240.253.15.46,false
218,Joellen,Soughton,jsoughton61@mediafire.com,Female,55.74.166.115,false
219,Fleming,Rixon,frixon62@4shared.com,Male,139.104.137.255,true
220,Barthel,Gemmill,bgemmill63@e-recht24.de,Male,245.100.224.45,false
221,Humfried,Crusham,hcrusham64@opensource.org,Male,43.51.123.167,false
222,Rodd,Deport,rdeport65@nih.gov,Male,92.221.25.169,true
223,Berke,Palphreyman,bpalphreyman66@si.edu,Male,28.19.107.52,false
224,Veda,Alves,valves67@constantcontact.com,Female,99.161.110.211,true
225,Salmon,Hardson,shardson68@moonfruit.com,Male,197.226.89.15,true
226,Roch,Milstead,rmilstead69@ucoz.ru,Female,64.32.186.176,false
227,Franciskus,Espinoza,fespinoza6a@google.ca,Male,33.238.62.212,true
228,Milli,Elfleet,melfleet6b@fotki.com,Female,82.232.241.231,false
229,Fee,Vaudre,fvaudre6c@redcross.org,Male,169.59.36.161,false
230,Cayla,Klees,cklees6d@google.it,Female,71.245.244.13,true
231,Kenna,Skatcher,kskatcher6e@yandex.ru,Female,152.49.25.217,true
232,Danyette,Tennewell,dtennewell6f@symantec.com,Female,193.255.46.237,true
233,Cirstoforo,Bilbee,cbilbee6g@ehow.com,Bigender,53.205.42.225,true
234,Harmonia,Paoli,hpaoli6h@hubpages.com,Female,170.236.52.226,false
235,Eolande,Fetherby,efetherby6i@sitemeter.com,Female,226.190.124.49,false
236,Darby,Bocke,dbocke6j@angelfire.com,Female,158.208.153.197,false
237,Cristiano,Janousek,cjanousek6k@canalblog.com,Male,35.231.78.100,false
238,Winifield,Dods,wdods6l@hatena.ne.jp,Male,84.143.136.21,false
239,Ulrich,Eskriett,ueskriett6m@miitbeian.gov.cn,Bigender,24.140.72.188,true
240,Loraine,Dunseath,ldunseath6n@ning.com,Female,158.167.175.221,false
241,Shurlocke,D'Enrico,sdenrico6o@wordpress.com,Genderfluid,220.43.246.183,false
242,Meggie,Paradyce,mparadyce6p@si.edu,Genderfluid,74.37.56.219,true
243,Carling,Padmore,cpadmore6q@mysql.com,Male,160.190.151.66,true
244,Royce,Durham,rdurham6r@blogspot.com,Male,186.75.48.22,false
245,Carson,Ivashechkin,civashechkin6s@scribd.com,Male,213.129.167.1,false
246,Buddie,Saltman,bsaltman6t@google.ca,Male,124.91.220.72,false
247,Findley,Surmon,fsurmon6u@va.gov,Male,89.90.191.155,false
248,Udell,Tunnicliffe,utunnicliffe6v@deviantart.com,Male,7.94.60.111,true
249,Renie,Blinder,rblinder6w@dyndns.org,Female,13.102.39.243,true
250,Salli,Crumpton,scrumpton6x@prlog.org,Female,231.187.106.103,true
251,Sarajane,Geale,sgeale6y@cdbaby.com,Female,76.151.122.0,false
252,Boniface,Wilkerson,bwilkerson6z@dedecms.com,Male,205.167.144.240,false
253,James,Langhorn,jlanghorn70@time.com,Male,111.56.221.176,false
254,Darrell,Vezey,dvezey71@moonfruit.com,Male,50.165.21.149,true
255,Aleksandr,Romayne,aromayne72@ucla.edu,Male,54.135.200.219,true
256,Rusty,Tomik,rtomik73@microsoft.com,Male,9.172.49.176,false
257,Tremain,O'Connell,toconnell74@bbb.org,Bigender,80.125.190.20,true
258,Rozalie,Brady,rbrady75@lulu.com,Non-binary,225.232.242.153,false
259,Zenia,Twelves,ztwelves76@reddit.com,Female,189.246.163.71,false
260,Jenine,Rickards,jrickards77@ask.com,Female,41.192.44.6,true
261,Haily,Rodliff,hrodliff78@comsenz.com,Female,177.116.178.226,true
262,Danyelle,Pietri,dpietri79@va.gov,Female,84.189.8.23,false
263,Jordana,Exall,jexall7a@senate.gov,Female,211.142.54.254,true
264,Albie,Durtnell,adurtnell7b@pbs.org,Male,89.126.23.151,false
265,Jasen,Aizic,jaizic7c@ebay.com,Male,115.255.138.132,false
266,Jonah,Lighton,jlighton7d@issuu.com,Male,76.241.232.22,true
267,Shell,Ritchley,sritchley7e@businesswire.com,Male,14.186.60.147,true
268,Nestor,Grishakin,ngrishakin7f@cbslocal.com,Male,254.86.176.3,true
269,Godard,Vernon,gvernon7g@engadget.com,Male,37.220.220.253,false
270,Eugenia,Rusling,erusling7h@miitbeian.gov.cn,Female,236.170.88.115,false
271,Aurore,Fallows,afallows7i@dailymotion.com,Female,9.142.223.242,false
272,Ivar,McArdell,imcardell7j@myspace.com,Male,200.68.180.64,true
273,Josy,Drohan,jdrohan7k@unesco.org,Female,250.1.6.234,true
274,Charla,Airlie,cairlie7l@usnews.com,Female,135.59.122.6,true
275,Meris,Greswell,mgreswell7m@yale.edu,Female,133.231.125.36,true
276,Lizbeth,Moxham,lmoxham7n@lycos.com,Female,186.226.1.105,false
277,Olimpia,Zienkiewicz,ozienkiewicz7o@dailymotion.com,Female,130.9.115.46,true
278,Ottilie,O'Donovan,oodonovan7p@hp.com,Female,169.116.26.188,false
279,Sharia,Swalough,sswalough7q@goo.gl,Female,117.213.140.210,false
280,Anatola,Blount,ablount7r@cargocollective.com,Female,212.32.117.96,true
281,Danny,Marder,dmarder7s@mit.edu,Male,203.73.43.176,false
282,Gabi,Dearnley,gdearnley7t@meetup.com,Female,121.122.43.86,true
283,Reena,Diggens,rdiggens7u@cnn.com,Female,123.101.170.119,false
284,Brana,Senner,bsenner7v@360.cn,Female,12.124.214.159,true
285,Farlee,Liddy,fliddy7w@webmd.com,Male,123.136.99.78,true
286,Lorrin,Roath,lroath7x@angelfire.com,Female,225.214.147.194,true
287,Jeramie,Croad,jcroad7y@bloglovin.com,Male,42.52.126.49,true
288,Kristan,McGerraghty,kmcgerraghty7z@bing.com,Female,93.9.147.237,true
289,Hobey,Sabine,hsabine80@google.com.au,Male,198.212.54.249,false
290,Terrance,Hemphall,themphall81@exblog.jp,Male,1.64.160.255,false
291,Derry,Sherbrooke,dsherbrooke82@bing.com,Male,144.64.134.129,false
292,Caldwell,Oager,coager83@stumbleupon.com,Male,132.230.60.148,true
293,Pepito,Matten,pmatten84@simplemachines.org,Male,66.134.51.254,true
294,Moyra,Drivers,mdrivers85@abc.net.au,Genderqueer,101.184.97.250,false
295,Gilda,Tapton,gtapton86@mapquest.com,Female,35.193.192.188,false
296,Michael,Busk,mbusk87@bizjournals.com,Male,94.37.1.131,true
297,Romeo,Staden,rstaden88@usa.gov,Male,62.66.175.6,true
298,Brantley,Fredy,bfredy89@slate.com,Male,80.20.86.154,false
299,Brynne,Horick,bhorick8a@ovh.net,Female,189.203.232.212,false
300,Vivia,Law,vlaw8b@zimbio.com,Female,255.15.69.170,false
301,Emmalynn,Vasyunkin,evasyunkin8c@dailymail.co.uk,Female,171.46.102.43,true
302,Juanita,Daniellot,jdaniellot8d@yellowbook.com,Female,229.30.43.203,false
303,Arlena,Joyson,ajoyson8e@flickr.com,Female,244.108.0.137,false
304,Dorrie,Jantel,djantel8f@zdnet.com,Female,157.208.76.114,true
305,Sybilla,Sherewood,ssherewood8g@sun.com,Agender,175.137.104.42,true
306,Dall,Frye,dfrye8h@cbc.ca,Male,17.78.78.92,true
307,Gradey,Guswell,gguswell8i@liveinternet.ru,Male,104.198.200.108,true
308,Marve,Jouen,mjouen8j@bloglovin.com,Male,172.171.47.143,false
309,Faunie,Isaaksohn,fisaaksohn8k@auda.org.au,Polygender,247.22.252.239,false
310,Amos,Lamyman,alamyman8l@arizona.edu,Male,90.201.204.251,false
311,Hakim,Janak,hjanak8m@cbc.ca,Male,235.162.119.152,true
312,Delinda,O'Fihily,dofihily8n@economist.com,Female,15.100.224.191,true
313,Loutitia,Scardifield,lscardifield8o@macromedia.com,Female,3.30.176.45,false
314,Spense,Loynes,sloynes8p@1688.com,Male,191.152.50.39,false
315,Issi,Braidon,ibraidon8q@zdnet.com,Female,156.81.167.38,false
316,Ashely,Citrine,acitrine8r@sogou.com,Polygender,181.189.235.39,false
317,Peder,Goodsal,pgoodsal8s@cargocollective.com,Male,92.91.211.103,true
318,Aubry,Thatcham,athatcham8t@google.com.hk,Female,114.51.183.126,false
319,Gratiana,Vardy,gvardy8u@cocolog-nifty.com,Female,39.137.81.166,true
320,Benjie,Ollerearnshaw,bollerearnshaw8v@homestead.com,Male,224.225.34.180,false
321,Whitney,Gayther,wgayther8w@github.com,Female,98.185.123.19,false
322,Vivi,Crigin,vcrigin8x@domainmarket.com,Female,40.220.243.24,true
323,Tedie,Beaglehole,tbeaglehole8y@sina.com.cn,Male,213.241.13.188,false
324,Laural,Audley,laudley8z@yelp.com,Female,172.227.83.136,false
325,Wilburt,Willavoys,wwillavoys90@behance.net,Male,110.196.28.178,false
326,Mikkel,Manntschke,mmanntschke91@chron.com,Male,34.183.86.147,false
327,Pet,Kirkebye,pkirkebye92@marketwatch.com,Female,202.211.136.162,true
328,Xerxes,Bretherick,xbretherick93@clickbank.net,Male,47.41.41.87,false
329,Granger,Auden,gauden94@about.me,Bigender,188.34.131.75,true
330,Troy,Gullefant,tgullefant95@ihg.com,Male,101.207.114.67,false
331,Kirsteni,Brozsset,kbrozsset96@squidoo.com,Female,73.190.157.0,false
332,Kelli,Yerrall,kyerrall97@ustream.tv,Female,29.244.71.156,false
333,Vaughan,Court,vcourt98@furl.net,Male,15.129.64.21,false
334,Hermy,Benardeau,hbenardeau99@dot.gov,Male,101.8.147.118,true
335,George,Syncke,gsyncke9a@aboutads.info,Female,49.44.64.240,true
336,Kalindi,Clench,kclench9b@tmall.com,Female,169.4.179.172,false
337,Gabbie,Burlay,gburlay9c@noaa.gov,Male,223.240.186.38,false
338,Katti,Foxten,kfoxten9d@about.me,Female,194.101.70.12,true
339,Cesaro,Pentelo,cpentelo9e@uol.com.br,Male,63.83.150.247,false
340,Jami,Feldberg,jfeldberg9f@telegraph.co.uk,Polygender,32.176.5.202,false
341,Berri,Gonnely,bgonnely9g@networksolutions.com,Genderqueer,97.36.165.183,false
342,Tabbatha,Dauney,tdauney9h@privacy.gov.au,Female,186.56.157.145,false
343,Mercy,Purcer,mpurcer9i@microsoft.com,Polygender,238.185.235.93,false
344,Dilly,Robrow,drobrow9j@angelfire.com,Male,14.8.181.22,false
345,Jaime,Beeswing,jbeeswing9k@berkeley.edu,Female,72.176.199.20,true
346,Derward,Oldroyd,doldroyd9l@chron.com,Male,49.131.103.162,true
347,Brannon,Chitham,bchitham9m@blogtalkradio.com,Male,190.214.143.224,true
348,Rozina,Tollerton,rtollerton9n@phpbb.com,Female,55.112.145.159,true
349,Mara,Mottley,mmottley9o@about.me,Female,254.166.41.79,true
350,Bobby,Daw,bdaw9p@miibeian.gov.cn,Male,153.167.50.188,false
351,Phyllida,Hoggan,phoggan9q@furl.net,Female,105.91.166.47,false
352,Berke,Kruszelnicki,bkruszelnicki9r@homestead.com,Male,48.69.225.153,true
353,Matty,Barthot,mbarthot9s@blog.com,Female,11.150.89.217,false
354,Merrili,Baptie,mbaptie9t@g.co,Female,251.36.249.26,false
355,Lou,Melly,lmelly9u@newyorker.com,Male,45.131.152.97,false
356,Beryle,Kubanek,bkubanek9v@google.co.jp,Female,164.46.226.3,true
357,Pearle,Dowbakin,pdowbakin9w@tinypic.com,Female,38.169.242.53,false
358,Christa,Pounder,cpounder9x@woothemes.com,Female,2.107.42.2,true
359,Billi,Treneman,btreneman9y@example.com,Female,22.74.218.248,true
360,Bryna,Broadhurst,bbroadhurst9z@buzzfeed.com,Female,23.253.49.171,true
361,Buckie,Vasnev,bvasneva0@homestead.com,Male,57.147.221.124,false
362,Kellina,Greenier,kgreeniera1@indiegogo.com,Female,27.7.149.206,true
363,Andrea,Piggot,apiggota2@hibu.com,Male,202.229.46.26,true
364,Davidson,Linsley,dlinsleya3@wordpress.com,Male,45.213.128.148,false
365,Loutitia,Doylend,ldoylenda4@usda.gov,Female,8.35.187.34,true
366,Zeb,Bedlington,zbedlingtona5@gravatar.com,Male,115.150.45.92,false
367,Claybourne,Rickerd,crickerda6@guardian.co.uk,Genderfluid,146.48.31.141,false
368,Brockie,Walklot,bwalklota7@census.gov,Male,220.11.186.165,false
369,Evania,Jados,ejadosa8@intel.com,Female,171.146.190.2,false
370,Johnnie,Dolby,jdolbya9@google.pl,Male,133.40.254.253,false
371,Quintus,Pavey,qpaveyaa@ted.com,Male,137.200.1.37,false
372,Edsel,Hutley,ehutleyab@weibo.com,Male,189.43.248.184,true
373,Klara,Grinaway,kgrinawayac@chicagotribune.com,Female,159.153.24.160,false
374,Arney,Leworthy,aleworthyad@theguardian.com,Male,119.31.75.159,false
375,Robinson,Dudney,rdudneyae@nasa.gov,Male,222.35.126.105,true
376,Jocelyn,Messham,jmesshamaf@furl.net,Female,51.37.170.223,true
377,Crosby,Deathridge,cdeathridgeag@bbb.org,Male,86.188.72.166,true
378,Livia,Poone,lpooneah@blinklist.com,Female,141.132.162.111,true
379,Marcellus,Pinock,mpinockai@live.com,Male,82.101.83.27,false
380,Melitta,Antonomoli,mantonomoliaj@networksolutions.com,Female,157.95.173.11,false
381,Veronika,Hedling,vhedlingak@last.fm,Genderqueer,172.100.164.165,false
382,Melessa,Norgate,mnorgateal@ft.com,Female,233.64.229.99,true
383,Vivia,Ellington,vellingtonam@pcworld.com,Female,47.60.18.66,true
384,Harli,McMullen,hmcmullenan@fotki.com,Female,7.1.142.16,false
385,Ammamaria,Ryman,arymanao@epa.gov,Genderqueer,39.105.135.157,false
386,Malvina,Fenemore,mfenemoreap@xing.com,Female,16.43.161.15,true
387,Granville,Seaman,gseamanaq@yale.edu,Male,68.101.236.247,false
388,Malcolm,Poltone,mpoltonear@archive.org,Genderqueer,6.146.227.89,true
389,Audra,Handsheart,ahandsheartas@moonfruit.com,Female,79.128.214.35,true
390,Junie,Cleverley,jcleverleyat@bandcamp.com,Genderqueer,24.51.191.112,true
391,Miner,Kender,mkenderau@163.com,Male,186.163.186.18,true
392,Faye,Norley,fnorleyav@shareasale.com,Female,211.53.120.41,false
393,Aymer,Seiler,aseileraw@google.ru,Male,90.117.66.53,false
394,Ab,Ingman,aingmanax@odnoklassniki.ru,Male,50.32.155.117,true
395,Klaus,Le Guin,kleguinay@skyrock.com,Male,162.131.207.2,true
396,Egan,McLewd,emclewdaz@typepad.com,Male,90.169.45.251,false
397,Padriac,Evesque,pevesqueb0@angelfire.com,Male,35.91.216.112,true
398,Dennie,Stiegar,dstiegarb1@squidoo.com,Male,19.58.38.116,true
399,Juanita,Hayton,jhaytonb2@nsw.gov.au,Female,210.173.26.115,false
400,Mead,Cotta,mcottab3@ted.com,Male,21.180.55.236,false
401,Iseabal,Rundall,irundallb4@technorati.com,Agender,214.94.189.26,true
402,Carmine,Korejs,ckorejsb5@clickbank.net,Female,96.144.243.178,false
403,Padraig,Ginity,pginityb6@paginegialle.it,Male,1.60.33.236,true
404,Rae,Twidale,rtwidaleb7@nyu.edu,Agender,33.246.120.74,true
405,Vidovic,Cleator,vcleatorb8@nationalgeographic.com,Male,211.231.69.252,false
406,Maris,Novotne,mnovotneb9@pagesperso-orange.fr,Non-binary,1.218.60.20,true
407,Tedmund,Kennsley,tkennsleyba@creativecommons.org,Male,27.30.197.190,true
408,Yves,Dreini,ydreinibb@dropbox.com,Male,105.173.63.73,false
409,Zenia,Geoghegan,zgeogheganbc@exblog.jp,Female,253.40.136.25,false
410,Bevan,Servis,bservisbd@dailymotion.com,Male,118.159.74.198,true
411,Lissy,Gerretsen,lgerretsenbe@umn.edu,Female,242.232.5.113,true
412,Ravi,Chapling,rchaplingbf@google.com.hk,Male,39.150.29.5,false
413,Fitzgerald,Mitchell,fmitchellbg@privacy.gov.au,Male,146.196.51.155,false
414,Wenona,Connelly,wconnellybh@about.me,Female,13.139.102.152,false
415,Derwin,Hasley,dhasleybi@cargocollective.com,Male,139.196.165.248,false
416,Casandra,Doey,cdoeybj@house.gov,Female,158.251.64.248,false
417,Ignacio,Paxton,ipaxtonbk@sakura.ne.jp,Male,192.108.66.44,false
418,Lynn,De Lascy,ldelascybl@google.es,Male,138.153.97.72,false
419,Quinta,Rule,qrulebm@go.com,Female,211.235.225.196,true
420,Jermayne,Benka,jbenkabn@abc.net.au,Male,184.125.24.51,true
421,Carma,Corkell,ccorkellbo@npr.org,Female,162.33.62.42,true
422,Rozele,Carillo,rcarillobp@webnode.com,Female,8.221.103.91,true
423,Darnell,Tysall,dtysallbq@tumblr.com,Male,175.217.180.56,true
424,Ciro,Fermoy,cfermoybr@illinois.edu,Male,223.51.3.72,false
425,Cordy,Read,creadbs@themeforest.net,Female,18.43.56.152,false
426,Obadias,Reding,oredingbt@google.com.hk,Male,182.140.36.218,false
427,Norbert,Buckel,nbuckelbu@free.fr,Male,189.200.208.185,false
428,Maximilien,Courvert,mcourvertbv@godaddy.com,Male,130.112.53.196,true
429,Neall,Challenger,nchallengerbw@blogtalkradio.com,Male,83.65.198.121,false
430,Britt,Hatchell,bhatchellbx@oracle.com,Female,67.124.213.134,true
431,Lorrin,Rushbrooke,lrushbrookeby@friendfeed.com,Female,214.30.33.95,true
432,Roxane,Skyppe,rskyppebz@cisco.com,Female,77.135.77.3,true
433,Lon,Adamthwaite,ladamthwaitec0@merriam-webster.com,Male,180.122.69.5,false
434,Bonnie,Brito,bbritoc1@amazon.co.uk,Female,31.162.114.239,true
435,Adaline,McReynolds,amcreynoldsc2@toplist.cz,Female,75.58.183.170,false
436,Madelin,Pease,mpeasec3@sciencedirect.com,Female,78.182.196.102,true
437,Raina,Cardenas,rcardenasc4@ow.ly,Female,26.102.143.148,true
438,Fredia,Cardinale,fcardinalec5@arstechnica.com,Female,13.1.87.69,true
439,Annalise,Wooder,awooderc6@buzzfeed.com,Female,105.163.243.96,false
440,Rivkah,O'Coskerry,rocoskerryc7@sun.com,Female,149.52.0.255,false
441,Violetta,Ballintyne,vballintynec8@microsoft.com,Female,161.194.101.112,true
442,Ramonda,Maypowder,rmaypowderc9@pinterest.com,Female,77.79.96.2,true
443,Dyna,Fever,dfeverca@gnu.org,Female,18.253.100.120,false
444,Cesya,Whiteman,cwhitemancb@reverbnation.com,Female,57.105.135.28,true
445,Gareth,Torvey,gtorveycc@blogs.com,Male,203.80.123.113,true
446,Silvester,Casserley,scasserleycd@ezinearticles.com,Male,254.82.248.60,true
447,Austina,Elph,aelphce@prweb.com,Female,44.121.52.148,false
448,Caril,Spratt,csprattcf@blogspot.com,Female,3.157.9.196,true
449,Gunner,Lartice,glarticecg@histats.com,Male,147.151.79.246,false
450,Raven,Moehler,rmoehlerch@examiner.com,Female,39.47.242.198,false
451,Adore,Franzetti,afranzettici@ucoz.com,Female,60.182.153.194,true
452,Milissent,Plumptre,mplumptrecj@canalblog.com,Female,5.118.85.135,false
453,Clarabelle,Faires,cfairesck@hibu.com,Female,106.84.142.195,true
454,Celine,Izakoff,cizakoffcl@kickstarter.com,Female,167.60.116.18,false
455,Haze,Isgar,hisgarcm@friendfeed.com,Male,138.6.14.91,true
456,Jamie,MacKerley,jmackerleycn@rediff.com,Female,51.85.66.145,true
457,Sayer,Trotman,strotmanco@reverbnation.com,Male,251.112.110.155,true
458,Jonathan,Toplis,jtopliscp@economist.com,Male,218.159.169.71,false
459,Angelica,Dadge,adadgecq@posterous.com,Female,168.221.75.128,false
460,Ashlan,Devas,adevascr@google.com,Female,32.0.225.179,false
461,Tim,Borman,tbormancs@oakley.com,Non-binary,55.177.248.158,true
462,Ewell,Sammars,esammarsct@nasa.gov,Male,165.104.205.38,false
463,Kenny,Edowes,kedowescu@ezinearticles.com,Male,224.13.39.189,true
464,Hermie,Waddilove,hwaddilovecv@shareasale.com,Male,26.104.198.218,true
465,Ranice,Whitticks,rwhittickscw@biglobe.ne.jp,Female,161.227.228.147,true
466,Ferrel,Danilovitch,fdanilovitchcx@guardian.co.uk,Male,71.144.207.85,false
467,Allie,Santen,asantency@lulu.com,Female,177.7.128.144,true
468,Jock,Keywood,jkeywoodcz@webeden.co.uk,Male,55.129.22.132,true
469,Rufus,Doncom,rdoncomd0@spotify.com,Male,219.244.33.64,false
470,Arda,Coning,aconingd1@livejournal.com,Female,68.41.59.86,true
471,Hebert,Wagerfield,hwagerfieldd2@arizona.edu,Male,232.43.64.81,true
472,Claudina,Wooderson,cwoodersond3@whitehouse.gov,Female,92.238.191.181,true
473,Evyn,Zorzetti,ezorzettid4@so-net.ne.jp,Male,212.146.240.176,true
474,Brok,Learoid,blearoidd5@instagram.com,Male,222.137.107.89,true
475,Nehemiah,Gunthorp,ngunthorpd6@bbc.co.uk,Male,76.242.122.124,false
476,Grete,Pitchers,gpitchersd7@geocities.com,Female,107.44.63.183,false
477,Auberta,De Blasio,adeblasiod8@vkontakte.ru,Genderqueer,169.120.229.149,true
478,Tanney,Maidens,tmaidensd9@microsoft.com,Male,22.147.42.6,false
479,Garrott,Knewstub,gknewstubda@usatoday.com,Genderfluid,93.226.105.204,false
480,Michele,Goodere,mgooderedb@woothemes.com,Female,192.123.80.210,false
481,Lynnet,Gatsby,lgatsbydc@hexun.com,Female,247.103.207.86,false
482,Harley,Pavinese,hpavinesedd@freewebs.com,Female,153.81.207.108,false
483,Charlena,Widocks,cwidocksde@cbc.ca,Female,61.187.153.65,true
484,Fredek,McClifferty,fmccliffertydf@geocities.com,Male,98.208.157.14,true
485,Dorthy,MacLeese,dmacleesedg@thetimes.co.uk,Female,135.250.142.3,true
486,Tore,Brewerton,tbrewertondh@facebook.com,Male,100.124.63.20,false
487,Sher,Kinnett,skinnettdi@google.fr,Female,96.225.200.75,false
488,Justino,Chadwen,jchadwendj@vinaora.com,Male,61.43.114.200,false
489,Karlie,McGlaud,kmcglauddk@sbwire.com,Female,80.35.80.113,true
490,Burk,Creeboe,bcreeboedl@twitter.com,Male,87.255.235.137,true
491,Konrad,Petrashkov,kpetrashkovdm@linkedin.com,Male,96.209.182.144,false
492,Roxana,Southwick,rsouthwickdn@xing.com,Female,105.195.151.88,true
493,Bowie,Faulks,bfaulksdo@webs.com,Male,103.27.116.0,false
494,Max,Duling,mdulingdp@bbb.org,Female,39.238.160.61,true
495,Lind,Radolf,lradolfdq@paypal.com,Male,182.247.71.38,true
496,Archy,Booth-Jarvis,aboothjarvisdr@ustream.tv,Male,215.106.219.134,false
497,Demetri,Jephcote,djephcoteds@163.com,Male,75.154.124.186,false
498,Hanny,Cuthbertson,hcuthbertsondt@theatlantic.com,Female,156.239.180.107,true
499,Nikolai,Angeau,nangeaudu@forbes.com,Male,220.159.139.178,false
500,Anica,Haskew,ahaskewdv@miibeian.gov.cn,Female,189.202.77.1,false
501,Amelia,Kobisch,akobischdw@goo.gl,Female,73.91.80.241,false
502,Willy,Whetson,wwhetsondx@unicef.org,Female,71.101.203.63,true
503,Carmon,Meenehan,cmeenehandy@sfgate.com,Female,194.189.220.245,true
504,Jory,Roddick,jroddickdz@indiegogo.com,Male,213.148.64.202,false
505,Kriste,Dewsbury,kdewsburye0@nbcnews.com,Female,38.243.90.125,false
506,Deana,Impett,dimpette1@oaic.gov.au,Female,196.197.70.200,true
507,Fedora,Zaniolo,fzanioloe2@netscape.com,Female,69.105.187.162,false
508,Dehlia,Plaskitt,dplaskitte3@posterous.com,Female,46.214.109.232,true
509,Essie,Cumberlidge,ecumberlidgee4@geocities.jp,Female,121.142.199.181,false
510,Celisse,Rudyard,crudyarde5@shutterfly.com,Female,130.81.47.148,false
511,Brant,Zappel,bzappele6@nature.com,Male,54.116.230.250,false
512,Barret,Dikles,bdiklese7@discuz.net,Male,179.210.190.67,true
513,Fanchon,Jagielski,fjagielskie8@1und1.de,Bigender,181.11.159.63,true
514,Urban,Jonsson,ujonssone9@google.com.br,Male,217.172.53.123,false
515,Tad,Stocker,tstockerea@woothemes.com,Male,227.135.11.187,true
516,Carmine,Gatus,cgatuseb@go.com,Female,69.97.237.31,true
517,Berkie,Monan,bmonanec@typepad.com,Male,177.107.163.243,false
518,Zaccaria,Krochmann,zkrochmanned@biblegateway.com,Male,80.77.253.179,true
519,Aldon,Gerhardt,agerhardtee@google.nl,Male,7.69.8.164,true
520,Jere,Roxburch,jroxburchef@engadget.com,Female,242.47.74.15,false
521,Grantham,L' Anglois,glangloiseg@vimeo.com,Male,15.61.68.96,true
522,Kalle,Girardengo,kgirardengoeh@intel.com,Male,31.76.111.73,false
523,Oberon,O'Farrell,oofarrellei@ifeng.com,Male,73.47.67.57,true
524,Early,Tocher,etocherej@ustream.tv,Male,94.234.254.235,true
525,Baxter,Flarity,bflarityek@europa.eu,Male,210.95.86.236,false
526,Lacy,Durrant,ldurrantel@bizjournals.com,Female,97.209.55.58,false
527,Tait,Lemmers,tlemmersem@yellowpages.com,Male,172.30.40.81,false
528,Rodrique,Arrow,rarrowen@google.fr,Male,66.47.215.127,true
529,Leon,Chittie,lchittieeo@ed.gov,Male,8.252.94.175,false
530,Ellswerth,Sutheran,esutheranep@phoca.cz,Male,46.205.124.41,true
531,Rodrick,Gravells,rgravellseq@blogger.com,Agender,172.174.26.100,true
532,Kippar,Pearcy,kpearcyer@blog.com,Male,67.197.46.236,false
533,Gabriela,Peepall,gpeepalles@dedecms.com,Female,7.209.200.91,true
534,Gloriana,Zipsell,gzipsellet@patch.com,Female,211.211.113.223,true
535,Hyacinthe,Molan,hmolaneu@answers.com,Genderfluid,142.203.114.87,true
536,Sukey,Goscomb,sgoscombev@sphinn.com,Bigender,251.230.12.45,true
537,Ilse,Gravener,igravenerew@europa.eu,Female,171.32.4.94,true
538,Teodoor,Matts,tmattsex@thetimes.co.uk,Male,41.156.97.75,true
539,Ernie,Bellenger,ebellengerey@mediafire.com,Male,181.93.83.143,true
540,Carin,Pescud,cpescudez@fastcompany.com,Female,156.249.210.117,false
541,Giulietta,Casa,gcasaf0@jimdo.com,Female,86.140.75.131,false
542,Robinett,Ash,rashf1@google.ru,Genderfluid,79.186.81.172,true
543,Daile,Palombi,dpalombif2@usa.gov,Female,230.212.147.133,true
544,Izaak,Bourchier,ibourchierf3@free.fr,Male,17.226.167.30,true
545,Valerye,Lavery,vlaveryf4@ocn.ne.jp,Female,249.14.127.229,true
546,Berna,Salvage,bsalvagef5@slashdot.org,Female,65.0.34.24,false
547,Ulla,Simmance,usimmancef6@hatena.ne.jp,Female,100.127.76.199,true
548,Darrin,Renison,drenisonf7@opera.com,Male,34.72.136.109,true
549,Cecily,Haime,chaimef8@nbcnews.com,Female,141.104.210.78,false
550,Rasia,Narramor,rnarramorf9@marketwatch.com,Female,198.225.62.214,true
551,Mabel,Bacchus,mbacchusfa@bbb.org,Non-binary,240.222.196.143,true
552,Meredith,Toghill,mtoghillfb@sciencedaily.com,Female,112.6.195.178,true
553,Krissy,Piggin,kpigginfc@de.vu,Female,223.140.215.0,true
554,Erny,Speariett,espeariettfd@example.com,Male,85.159.3.208,false
555,Eliot,MacKerley,emackerleyfe@opera.com,Male,92.227.144.147,true
556,Wit,Do,wdoff@tripod.com,Male,168.88.172.206,false
557,Isador,Maplethorp,imaplethorpfg@archive.org,Male,133.223.13.66,true
558,Tabbi,Hartzog,thartzogfh@alexa.com,Female,159.50.143.251,true
559,Romy,Higbin,rhigbinfi@boston.com,Bigender,89.85.116.213,false
560,Gage,Bunning,gbunningfj@webnode.com,Male,178.85.244.130,false
561,Humberto,Piggot,hpiggotfk@hugedomains.com,Male,140.181.213.116,true
562,Kristan,Harlock,kharlockfl@berkeley.edu,Female,123.59.111.154,true
563,Kylila,Kulvear,kkulvearfm@networksolutions.com,Female,253.232.245.45,true
564,Bronnie,Scoffins,bscoffinsfn@bing.com,Male,190.226.248.217,true
565,Anson,Wagen,awagenfo@mapquest.com,Male,204.159.41.49,false
566,Marla,Guillond,mguillondfp@yelp.com,Female,128.203.236.67,true
567,Verene,Dobing,vdobingfq@pcworld.com,Female,7.176.147.129,false
568,Nikkie,McQuirter,nmcquirterfr@independent.co.uk,Bigender,130.201.238.137,true
569,Evan,Slimme,eslimmefs@is.gd,Male,145.245.216.34,false
570,Cris,Toffel,ctoffelft@123-reg.co.uk,Male,16.177.25.31,true
571,Cassie,Harlin,charlinfu@harvard.edu,Female,24.77.131.160,true
572,Alberik,Rooke,arookefv@i2i.jp,Non-binary,84.176.174.148,true
573,Boniface,Neat,bneatfw@irs.gov,Male,108.94.17.124,false
574,Bert,Duberry,bduberryfx@so-net.ne.jp,Bigender,76.148.3.151,false
575,Jenni,Dabbs,jdabbsfy@google.es,Female,57.251.82.227,true
576,Susie,Ellingford,sellingfordfz@blog.com,Female,91.105.122.57,false
577,Mohammed,Grandison,mgrandisong0@free.fr,Male,176.25.120.154,true
578,Alphonso,Grange,agrangeg1@sbwire.com,Male,196.91.112.54,false
579,Jonie,Laycock,jlaycockg2@bloomberg.com,Female,7.252.214.171,false
580,Quinlan,Copplestone,qcopplestoneg3@about.com,Male,14.229.206.40,false
581,Van,Deppen,vdeppeng4@vimeo.com,Male,150.99.11.100,false
582,Georgina,Pogue,gpogueg5@flickr.com,Female,108.144.202.254,true
583,Stacy,Budd,sbuddg6@desdev.cn,Female,99.221.61.8,true
584,Aloisia,Gurwood,agurwoodg7@buzzfeed.com,Female,50.43.32.21,true
585,Amalea,Cubbin,acubbing8@aboutads.info,Female,241.184.55.56,true
586,Chen,Vaudrey,cvaudreyg9@webmd.com,Male,169.102.36.101,false
587,Tymothy,Tasseler,ttasselerga@jiathis.com,Male,31.63.252.124,false
588,Alethea,Olivetta,aolivettagb@usa.gov,Female,10.67.131.206,true
589,Amandie,Mate,amategc@china.com.cn,Female,179.16.184.124,false
590,Cheston,Eicke,ceickegd@prweb.com,Male,37.49.248.24,true
591,Bette,Norcliff,bnorcliffge@ucoz.ru,Female,175.15.163.139,true
592,Griswold,Haggerstone,ghaggerstonegf@sbwire.com,Male,194.237.180.62,true
593,Dottie,Logue,dloguegg@mayoclinic.com,Female,245.157.61.231,true
594,Daniela,Karolowski,dkarolowskigh@newsvine.com,Female,198.162.153.246,false
595,Clarey,Cawkill,ccawkillgi@bing.com,Female,103.210.18.148,false
596,Luce,Nuttall,lnuttallgj@microsoft.com,Female,141.123.228.251,true
597,Philippa,Stayte,pstaytegk@quantcast.com,Female,32.12.21.200,true
598,Francoise,Tomlinson,ftomlinsongl@latimes.com,Female,170.13.224.189,true
599,Devonna,Gibberd,dgibberdgm@tamu.edu,Female,175.80.124.39,false
600,Travers,Wabersich,twabersichgn@360.cn,Male,231.115.198.70,true
601,Thorn,Locarno,tlocarnogo@ox.ac.uk,Male,81.131.60.21,true
602,Ashlan,Brownscombe,abrownscombegp@comcast.net,Female,94.236.123.153,true
603,Maxim,Hotton,mhottongq@tinyurl.com,Male,70.31.53.144,false
604,Cully,O'Rudden,coruddengr@baidu.com,Male,150.209.20.44,true
605,Teddy,Capsey,tcapseygs@parallels.com,Male,58.95.246.70,false
606,Sherman,Baldry,sbaldrygt@go.com,Male,177.39.152.196,false
607,Giorgio,Braysher,gbrayshergu@miibeian.gov.cn,Male,163.193.161.87,false
608,Alene,Merrill,amerrillgv@tumblr.com,Female,126.180.124.141,true
609,Phillip,Drescher,pdreschergw@soup.io,Male,95.109.83.3,true
610,Berta,Fishbourne,bfishbournegx@gizmodo.com,Female,112.238.46.212,false
611,Charlot,Struijs,cstruijsgy@phpbb.com,Female,242.63.55.188,true
612,Devora,Butten,dbuttengz@networksolutions.com,Female,154.170.166.192,true
613,Briano,Prium,bpriumh0@scribd.com,Male,26.208.169.210,true
614,Forest,Marple,fmarpleh1@delicious.com,Male,18.116.246.191,false
615,Geri,Heaton,gheatonh2@umn.edu,Male,153.26.192.180,false
616,Kathy,Simonian,ksimonianh3@reference.com,Female,153.92.206.191,false
617,Dannie,Coote,dcooteh4@ustream.tv,Male,61.23.235.250,true
618,Torrin,Gladwell,tgladwellh5@techcrunch.com,Male,43.181.166.37,false
619,Stanfield,Creak,screakh6@examiner.com,Male,167.66.82.149,true
620,Gabbie,Assiratti,gassirattih7@forbes.com,Bigender,90.76.118.12,false
621,Tatum,Shimoni,tshimonih8@hc360.com,Female,74.187.140.8,true
622,Bobby,Burburough,bburburoughh9@altervista.org,Female,68.10.194.42,true
623,Ilaire,Truitt,itruittha@ucla.edu,Male,33.218.149.168,false
624,Renato,Busain,rbusainhb@webs.com,Male,109.227.52.255,false
625,Lauretta,Windsor,lwindsorhc@free.fr,Female,44.79.47.253,false
626,Shaughn,Lahive,slahivehd@oracle.com,Male,250.4.191.42,false
627,Isis,Gambles,igambleshe@jiathis.com,Female,250.139.90.166,true
628,Joelly,Stancer,jstancerhf@edublogs.org,Female,185.62.12.230,false
629,Rafaelita,Hathway,rhathwayhg@godaddy.com,Female,106.159.207.173,false
630,Julian,Humber,jhumberhh@springer.com,Male,249.143.18.185,false
631,Ermanno,Adicot,eadicothi@cargocollective.com,Male,128.101.231.66,false
632,Arty,Grigorey,agrigoreyhj@themeforest.net,Male,48.138.6.23,false
633,Margery,Cayley,mcayleyhk@histats.com,Female,158.122.21.167,false
634,Tabatha,Gentil,tgentilhl@slideshare.net,Female,140.203.105.16,true
635,Estele,Hamson,ehamsonhm@1und1.de,Female,187.72.103.174,false
636,Mona,Soeiro,msoeirohn@live.com,Female,209.149.22.163,true
637,Xavier,Coupe,xcoupeho@google.fr,Male,193.62.3.23,true
638,Lorita,Keyser,lkeyserhp@answers.com,Female,20.177.32.156,true
639,Jo,Soutar,jsoutarhq@tripadvisor.com,Female,213.253.208.250,false
640,Giselle,Shropshire,gshropshirehr@howstuffworks.com,Female,134.77.150.179,false
641,Salomone,Hasell,shasellhs@shareasale.com,Male,75.112.6.234,true
642,Lissa,Adney,ladneyht@amazon.com,Female,112.221.241.34,false
643,Julian,Pilmore,jpilmorehu@admin.ch,Male,107.106.126.255,true
644,Golda,Dudek,gdudekhv@vkontakte.ru,Female,93.102.45.7,true
645,Aubrey,Secker,aseckerhw@washington.edu,Male,178.207.23.168,false
646,Demetra,Corney,dcorneyhx@t.co,Female,57.8.159.48,true
647,Kai,Fetherstonhaugh,kfetherstonhaughhy@scientificamerican.com,Female,65.254.1.70,false
648,Ianthe,Blaasch,iblaaschhz@merriam-webster.com,Female,181.64.126.132,false
649,Adolph,Coltart,acoltarti0@google.com,Male,130.108.208.193,false
650,Jeffy,Broady,jbroadyi1@feedburner.com,Male,47.192.45.215,false
651,Sasha,De Caroli,sdecarolii2@usatoday.com,Female,77.102.59.193,true
652,Jo-anne,Tebbutt,jtebbutti3@deviantart.com,Polygender,216.51.63.7,true
653,Annamarie,Goatcher,agoatcheri4@biblegateway.com,Female,219.99.82.67,false
654,Kris,Lakin,klakini5@goodreads.com,Male,230.167.148.135,true
655,Garry,Filippucci,gfilippuccii6@answers.com,Male,122.225.163.138,true
656,Serena,de Bullion,sdebullioni7@epa.gov,Female,139.58.234.200,true
657,Doro,Hadfield,dhadfieldi8@xinhuanet.com,Female,167.183.14.186,false
658,Rubetta,Renfrew,rrenfrewi9@msn.com,Genderfluid,251.198.16.57,true
659,Wanda,Wemm,wwemmia@livejournal.com,Female,255.45.35.2,true
660,Gerard,Fawloe,gfawloeib@privacy.gov.au,Male,200.7.137.114,false
661,Mag,Conlon,mconlonic@chronoengine.com,Female,186.8.147.116,false
662,Peri,Scurrah,pscurrahid@jiathis.com,Female,8.211.104.243,true
663,Ludovico,Pinchbeck,lpinchbeckie@icio.us,Non-binary,228.133.103.82,false
664,Aliza,Gonzales,agonzalesif@adobe.com,Female,193.228.216.154,true
665,Lenard,Grimsdith,lgrimsdithig@delicious.com,Male,49.168.141.56,true
666,Lanie,Gocke,lgockeih@gmpg.org,Male,66.117.22.96,false
667,Phebe,Mistry,pmistryii@businessinsider.com,Female,246.92.48.59,false
668,Nobie,Zoppo,nzoppoij@ask.com,Male,221.162.64.4,true
669,Archibaldo,Chatin,achatinik@senate.gov,Male,43.18.143.24,true
670,Rolf,Tregea,rtregeail@clickbank.net,Male,97.188.28.50,true
671,Monika,Mudie,mmudieim@cyberchimps.com,Female,1.45.220.236,true
672,Kendell,Beaves,kbeavesin@marriott.com,Male,75.133.67.232,false
673,Felizio,Minall,fminallio@salon.com,Male,81.148.145.64,true
674,Benton,Badby,bbadbyip@yahoo.com,Male,98.65.209.170,true
675,Oneida,Camp,ocampiq@yandex.ru,Female,147.12.236.77,true
676,Shandie,Laminman,slaminmanir@timesonline.co.uk,Female,12.214.107.0,false
677,Sallyanne,Goggen,sgoggenis@barnesandnoble.com,Female,177.59.227.96,false
678,Darbie,Dilon,ddilonit@hc360.com,Female,116.38.240.96,false
679,Colleen,Tapner,ctapneriu@psu.edu,Female,98.91.211.100,true
680,Klemens,Klimkin,kklimkiniv@utexas.edu,Male,34.218.2.36,false
681,Rennie,Dulinty,rdulintyiw@netvibes.com,Female,60.186.95.52,true
682,Lindsy,Antonias,lantoniasix@livejournal.com,Female,219.132.34.192,false
683,Curtice,Kleinhausen,ckleinhauseniy@clickbank.net,Male,120.232.203.197,false
684,Ulises,Fraczak,ufraczakiz@apache.org,Male,10.169.161.119,false
685,Sullivan,Chesney,schesneyj0@npr.org,Male,33.147.4.36,true
686,Jammie,Canedo,jcanedoj1@yellowbook.com,Female,169.148.8.207,true
687,Griz,Wedderburn,gwedderburnj2@cdbaby.com,Male,222.124.141.11,false
688,Tyne,Coggeshall,tcoggeshallj3@fastcompany.com,Female,71.235.253.56,true
689,Franny,Blaydes,fblaydesj4@hugedomains.com,Female,200.227.129.200,false
690,Phillis,Henzley,phenzleyj5@sina.com.cn,Female,144.206.112.158,true
691,Antone,Dimelow,adimelowj6@uiuc.edu,Male,207.165.9.43,true
692,Allianora,Leythley,aleythleyj7@usa.gov,Female,141.133.76.72,true
693,Anya,Lambrecht,alambrechtj8@vinaora.com,Female,120.139.76.186,false
694,Tab,Folkerd,tfolkerdj9@google.es,Male,48.60.70.159,true
695,Ezequiel,Glinde,eglindeja@gmpg.org,Male,255.124.72.129,false
696,Clarey,Planks,cplanksjb@wikipedia.org,Female,187.61.51.243,true
697,Fletch,Bierling,fbierlingjc@umn.edu,Male,206.30.22.122,true
698,Matteo,Boribal,mboribaljd@berkeley.edu,Male,166.107.196.239,false
699,Obed,Lightowlers,olightowlersje@virginia.edu,Male,150.244.204.193,false
700,Cynde,Tallet,ctalletjf@wikimedia.org,Bigender,155.214.209.101,true
701,Stephie,Serris,sserrisjg@biglobe.ne.jp,Female,54.153.147.82,true
702,Clarita,Merrell,cmerrelljh@dailymotion.com,Female,102.214.192.185,true
703,Ker,Bradnocke,kbradnockeji@bbc.co.uk,Male,133.27.99.184,false
704,Alina,Chatterton,achattertonjj@51.la,Female,150.111.205.231,false
705,Ruthanne,Pierse,rpiersejk@free.fr,Female,233.148.30.109,true
706,Florentia,Borrows,fborrowsjl@marriott.com,Female,83.43.119.2,true
707,Sibyl,Dyshart,sdyshartjm@linkedin.com,Genderqueer,108.241.23.3,true
708,Antoine,Carncross,acarncrossjn@rambler.ru,Male,192.101.22.206,true
709,Dolores,Baverstock,dbaverstockjo@reverbnation.com,Female,205.96.49.193,true
710,Cathrin,McLaughlin,cmclaughlinjp@printfriendly.com,Female,175.144.53.210,false
711,Florencia,Saggs,fsaggsjq@flavors.me,Female,55.60.180.47,true
712,Vladimir,Thorndale,vthorndalejr@dropbox.com,Male,66.236.84.218,true
713,Harlen,Drover,hdroverjs@telegraph.co.uk,Male,160.139.229.85,false
714,Purcell,Bachelar,pbachelarjt@wired.com,Male,143.138.250.106,true
715,Suzette,McIlherran,smcilherranju@usnews.com,Female,5.76.152.212,false
716,Betty,Naper,bnaperjv@wordpress.org,Female,159.171.28.31,false
717,Revkah,Hubbold,rhubboldjw@soundcloud.com,Genderfluid,110.42.156.29,true
718,Matti,Bird,mbirdjx@hubpages.com,Female,128.80.13.119,true
719,Koren,Shivell,kshivelljy@pinterest.com,Female,143.63.221.109,false
720,Feliks,Kneal,fknealjz@jiathis.com,Male,253.125.41.248,false
721,Kanya,Medforth,kmedforthk0@gravatar.com,Bigender,31.225.97.137,true
722,Maryellen,McPhaden,mmcphadenk1@meetup.com,Female,174.11.212.65,false
723,Thain,Cobson,tcobsonk2@themeforest.net,Male,177.248.144.121,false
724,Shayne,Comerford,scomerfordk3@gravatar.com,Male,20.70.23.222,true
725,Patten,Mitroshinov,pmitroshinovk4@github.io,Male,23.116.11.12,true
726,Chaddie,Louthe,clouthek5@wikispaces.com,Male,82.209.210.114,false
727,Kiel,Odell,kodellk6@gnu.org,Male,183.95.170.63,false
728,Danni,Watkins,dwatkinsk7@so-net.ne.jp,Non-binary,68.233.139.240,true
729,Francklin,Houdhury,fhoudhuryk8@columbia.edu,Male,233.129.4.7,false
730,Erin,Heeks,eheeksk9@columbia.edu,Male,129.208.227.244,false
731,Ethelin,Leibold,eleiboldka@omniture.com,Female,228.196.247.73,false
732,Olag,Phibb,ophibbkb@engadget.com,Male,175.68.243.85,true
733,Tracy,Ould,touldkc@drupal.org,Female,147.186.179.182,false
734,Minette,Ullock,mullockkd@cargocollective.com,Female,186.221.248.135,false
735,Flory,Piscotti,fpiscottike@nsw.gov.au,Male,107.24.11.255,true
736,Federico,Logue,floguekf@bluehost.com,Male,28.46.193.115,true
737,Grace,Scrivens,gscrivenskg@blogspot.com,Male,23.205.222.88,false
738,Zachery,Whiteson,zwhitesonkh@goo.ne.jp,Male,13.163.237.172,true
739,Clem,Biskupiak,cbiskupiakki@marketwatch.com,Female,135.147.214.219,false
740,Venita,Stonham,vstonhamkj@mapquest.com,Female,215.184.183.53,false
741,Gaultiero,Copelli,gcopellikk@whitehouse.gov,Male,67.165.49.37,true
742,Arlyne,Iacobetto,aiacobettokl@fda.gov,Female,92.233.104.35,false
743,Haily,Fargie,hfargiekm@kickstarter.com,Female,203.134.131.182,false
744,Konstance,Tixier,ktixierkn@usgs.gov,Bigender,127.37.2.162,true
745,Lilyan,Elington,lelingtonko@ibm.com,Female,59.76.164.86,false
746,Charla,Simek,csimekkp@rakuten.co.jp,Genderfluid,149.60.54.108,false
747,Corissa,Streak,cstreakkq@marriott.com,Bigender,179.249.30.154,false
748,Ericha,Gleave,egleavekr@army.mil,Female,84.148.222.138,false
749,Jerome,Hartman,jhartmanks@linkedin.com,Male,182.187.123.157,false
750,Gerik,Merredy,gmerredykt@wordpress.org,Male,16.6.220.90,true
751,Selig,O'Rudden,soruddenku@youtube.com,Male,154.179.23.168,true
752,Kingsly,Tschierasche,ktschieraschekv@accuweather.com,Genderfluid,21.237.111.242,false
753,Donnajean,Tween,dtweenkw@meetup.com,Female,156.47.250.222,true
754,Lyman,Gonneau,lgonneaukx@clickbank.net,Male,91.38.231.175,true
755,Maurise,Watterson,mwattersonky@army.mil,Male,37.167.106.252,false
756,Earle,Baltzar,ebaltzarkz@census.gov,Male,138.169.15.174,true
757,Haily,Pywell,hpywelll0@yahoo.com,Female,54.217.85.199,false
758,Mariette,O'Corrane,mocorranel1@i2i.jp,Female,217.78.54.195,true
759,Seth,Pettifer,spettiferl2@taobao.com,Male,199.83.190.171,true
760,Chrissy,McCardle,cmccardlel3@tinypic.com,Female,41.62.149.90,true
761,Braden,Ledstone,bledstonel4@indiegogo.com,Male,144.26.181.207,true
762,Kermit,Boyington,kboyingtonl5@pcworld.com,Male,108.91.64.200,true
763,Sofie,Rowter,srowterl6@dyndns.org,Female,70.229.102.32,true
764,Ashlen,Mulleary,amullearyl7@omniture.com,Female,238.184.15.247,true
765,Oneida,Holdron,oholdronl8@prlog.org,Female,235.182.154.254,false
766,Shina,Swetland,sswetlandl9@salon.com,Bigender,28.169.148.221,true
767,Salomone,Medley,smedleyla@guardian.co.uk,Male,247.134.236.94,false
768,Hyacinthie,De Normanville,hdenormanvillelb@cloudflare.com,Female,110.21.123.244,true
769,Stevie,Mebes,smebeslc@miibeian.gov.cn,Male,142.39.118.87,true
770,Natalie,Oxx,noxxld@globo.com,Female,31.64.66.35,true
771,Consuelo,ducarme,cducarmele@qq.com,Female,125.123.79.8,true
772,Eachelle,Giacoppoli,egiacoppolilf@seesaa.net,Female,113.254.71.134,true
773,Dilly,Exroll,dexrolllg@so-net.ne.jp,Male,215.253.221.55,true
774,Niccolo,Garken,ngarkenlh@java.com,Male,90.190.46.237,false
775,Ole,Burd,oburdli@t-online.de,Male,40.255.9.89,true
776,Harlan,Capaldi,hcapaldilj@geocities.com,Male,117.254.18.14,false
777,Sarette,Pattisson,spattissonlk@eepurl.com,Female,2.223.152.145,true
778,Aimee,Gorst,agorstll@fda.gov,Female,25.141.249.131,false
779,Darin,Brogini,dbroginilm@plala.or.jp,Male,140.25.198.197,false
780,Deedee,Christoffersen,dchristoffersenln@mapquest.com,Female,177.242.105.94,false
781,Jo-anne,Booker,jbookerlo@diigo.com,Female,62.133.120.206,true
782,Elnore,Goadby,egoadbylp@umn.edu,Female,93.14.36.106,false
783,Kirby,Gilleson,kgillesonlq@zdnet.com,Male,253.37.91.32,false
784,Donaugh,Dinsell,ddinselllr@apple.com,Male,133.66.190.168,false
785,Radcliffe,Daniellot,rdaniellotls@home.pl,Male,55.143.155.123,true
786,Shanon,Balazot,sbalazotlt@topsy.com,Female,186.53.95.176,false
787,Tobe,Nicholls,tnichollslu@netlog.com,Bigender,186.254.255.30,false
788,Benjie,Nibley,bnibleylv@storify.com,Agender,253.227.219.218,false
789,Meghan,Lattie,mlattielw@goodreads.com,Female,138.247.63.161,true
790,Nady,Slowgrove,nslowgrovelx@google.it,Female,134.32.40.100,false
791,Alvira,Plowes,aplowesly@hp.com,Female,85.201.185.140,false
792,Bail,Souness,bsounesslz@yellowpages.com,Male,166.90.12.143,false
793,Bertina,Dominichelli,bdominichellim0@wiley.com,Female,122.140.120.197,true
794,Rebe,Bjorkan,rbjorkanm1@chron.com,Female,180.160.21.58,true
795,Drucie,Willwood,dwillwoodm2@scribd.com,Agender,43.16.229.199,false
796,Robinett,Ronchka,rronchkam3@chronoengine.com,Female,21.140.97.140,true
797,Westbrook,Wenham,wwenhamm4@squarespace.com,Male,192.113.83.123,false
798,Joell,Secrett,jsecrettm5@dell.com,Female,162.217.252.58,false
799,Robin,Dumpleton,rdumpletonm6@statcounter.com,Male,234.231.186.197,false
800,Griselda,Brearley,gbrearleym7@indiatimes.com,Female,88.98.167.19,false
801,Chastity,Olyonov,colyonovm8@pagesperso-orange.fr,Non-binary,210.29.255.101,false
802,Whittaker,Ennals,wennalsm9@rediff.com,Male,150.190.106.22,false
803,Jason,Cawsy,jcawsyma@java.com,Male,162.129.144.31,true
804,Candace,Wapple,cwapplemb@ifeng.com,Female,103.67.27.88,false
805,Maryann,Pettifer,mpettifermc@mayoclinic.com,Female,40.118.255.238,true
806,Annabell,Gian,agianmd@scientificamerican.com,Female,40.122.180.219,false
807,Woodrow,Arminger,warmingerme@imdb.com,Male,69.73.3.54,true
808,Cordell,Linthead,clintheadmf@home.pl,Male,211.240.40.204,false
809,Gaspard,Abramowitch,gabramowitchmg@ifeng.com,Male,116.167.243.5,true
810,Abner,Hebblewhite,ahebblewhitemh@jiathis.com,Male,134.253.18.69,true
811,Douglass,Shires,dshiresmi@gnu.org,Male,16.223.187.8,false
812,Rocky,Leven,rlevenmj@sfgate.com,Male,91.177.105.239,false
813,Ella,Wilder,ewildermk@ft.com,Female,112.4.26.248,false
814,Binny,Bolte,bbolteml@squarespace.com,Non-binary,37.157.185.145,true
815,Shelagh,Grimolbie,sgrimolbiemm@github.io,Female,202.0.20.113,false
816,Moise,Joice,mjoicemn@tuttocitta.it,Male,25.8.137.46,true
817,Stanislaw,Beig,sbeigmo@wired.com,Male,28.72.175.236,false
818,Lesley,Ivanikov,livanikovmp@bluehost.com,Female,97.242.156.87,false
819,Dill,Donnachie,ddonnachiemq@shinystat.com,Male,221.113.31.222,false
820,Ferrell,Mapletoft,fmapletoftmr@biglobe.ne.jp,Male,200.233.169.104,false
821,Cornall,Paliser,cpaliserms@nasa.gov,Male,174.152.173.191,true
822,Kimberly,Keeley,kkeeleymt@cafepress.com,Female,82.255.113.61,false
823,Adella,Relfe,arelfemu@dyndns.org,Female,218.246.92.129,true
824,Dolores,Sudlow,dsudlowmv@skype.com,Female,64.248.142.39,true
825,Willdon,Guiducci,wguiduccimw@squidoo.com,Male,124.198.7.208,false
826,Wynne,Salthouse,wsalthousemx@usatoday.com,Bigender,50.189.82.67,true
827,Viva,Clausewitz,vclausewitzmy@jalbum.net,Female,157.145.49.48,false
828,Emmey,Reddle,ereddlemz@nationalgeographic.com,Female,176.227.173.48,true
829,Ahmad,Willder,awilldern0@canalblog.com,Male,37.143.106.230,false
830,Boycie,Spandley,bspandleyn1@disqus.com,Male,177.135.77.140,false
831,Berk,Spires,bspiresn2@theatlantic.com,Male,58.93.141.90,false
832,Collie,Nevins,cnevinsn3@exblog.jp,Female,86.202.253.59,true
833,Moses,Conew,mconewn4@slate.com,Male,128.155.18.245,false
834,Terrie,Thirtle,tthirtlen5@wp.com,Female,81.215.65.35,false
835,Annette,Canet,acanetn6@privacy.gov.au,Female,90.16.192.20,false
836,Anette,Dufore,aduforen7@phpbb.com,Female,205.146.120.217,true
837,Rafaela,Steers,rsteersn8@sbwire.com,Female,92.200.206.20,false
838,Noni,Eul,neuln9@youtu.be,Female,231.63.65.177,false
839,Hunter,Hauxley,hhauxleyna@facebook.com,Male,213.135.203.187,false
840,Junia,Pargetter,jpargetternb@pagesperso-orange.fr,Female,97.222.144.205,true
841,Leonidas,Sheldrick,lsheldricknc@dailymotion.com,Male,122.203.133.9,false
842,Madelina,Demchen,mdemchennd@hp.com,Female,190.121.205.52,true
843,Debee,Bote,dbotene@diigo.com,Female,188.135.200.213,false
844,Sheeree,Veschambre,sveschambrenf@cpanel.net,Non-binary,86.53.237.95,false
845,Angel,Rosberg,arosbergng@google.de,Female,97.12.222.170,true
846,Alisun,Cannavan,acannavannh@comsenz.com,Female,133.18.72.172,true
847,Angie,Swadling,aswadlingni@soundcloud.com,Male,91.214.114.158,true
848,Mason,Freyne,mfreynenj@economist.com,Male,135.112.58.127,false
849,Marissa,Swinbourne,mswinbournenk@princeton.edu,Female,94.151.155.91,false
850,Vonni,de Werk,vdewerknl@lycos.com,Agender,22.61.59.120,false
851,Vernor,Swannack,vswannacknm@plala.or.jp,Male,28.103.255.217,false
852,Tandy,Jenik,tjeniknn@usa.gov,Female,62.212.173.195,true
853,Kain,Gerritsma,kgerritsmano@unicef.org,Male,68.76.52.126,true
854,Mora,Roston,mrostonnp@topsy.com,Female,207.132.35.108,false
855,Kermie,Feron,kferonnq@histats.com,Male,233.36.147.142,true
856,Wilbur,Osban,wosbannr@uiuc.edu,Male,80.44.227.176,true
857,Alair,McNee,amcneens@state.tx.us,Male,151.55.241.202,false
858,Traver,Pallant,tpallantnt@netscape.com,Male,235.218.146.193,false
859,Lucila,Dennant,ldennantnu@berkeley.edu,Female,81.95.19.91,true
860,Tomasina,Bateman,tbatemannv@ed.gov,Female,201.83.110.8,false
861,Eleanor,Buyers,ebuyersnw@ask.com,Female,193.138.243.114,true
862,Drusie,Grahl,dgrahlnx@hatena.ne.jp,Female,216.176.11.143,true
863,Elisabet,McVity,emcvityny@smugmug.com,Female,102.175.203.14,false
864,Wayland,Titherington,wtitheringtonnz@feedburner.com,Male,56.20.89.127,true
865,Douglass,Vasyuchov,dvasyuchovo0@webs.com,Polygender,148.167.86.55,false
866,Matty,Puve,mpuveo1@auda.org.au,Male,247.250.139.242,true
867,Eran,Bezant,ebezanto2@cyberchimps.com,Agender,137.70.21.57,true
868,Raddy,Domone,rdomoneo3@hibu.com,Male,145.77.122.123,false
869,Fin,Rogister,frogistero4@google.co.uk,Male,123.31.197.31,false
870,Jackie,Laraway,jlarawayo5@vinaora.com,Male,16.148.90.80,true
871,Lelah,Coytes,lcoyteso6@arstechnica.com,Female,54.111.59.199,true
872,Sol,Ashwell,sashwello7@google.com,Male,126.255.162.103,false
873,Torrance,Giblin,tgiblino8@washingtonpost.com,Male,46.64.235.213,false
874,Velma,Matokhnin,vmatokhnino9@vimeo.com,Genderfluid,210.198.165.1,false
875,Timmie,Lackinton,tlackintonoa@yelp.com,Male,244.95.145.66,true
876,Darrin,Sibson,dsibsonob@google.com.au,Genderfluid,44.136.9.155,true
877,Berni,Fairley,bfairleyoc@senate.gov,Agender,80.184.252.10,false
878,Shelli,Alyoshin,salyoshinod@microsoft.com,Female,10.131.199.157,false
879,Linn,Wallbanks,lwallbanksoe@ca.gov,Male,140.169.134.157,true
880,Anatola,Giroldi,agiroldiof@hud.gov,Female,56.180.159.120,false
881,Dalli,Enterlein,denterleinog@europa.eu,Male,51.69.200.187,true
882,Rory,Dwelly,rdwellyoh@de.vu,Male,241.5.226.48,true
883,Hewe,Snare,hsnareoi@si.edu,Male,225.166.19.111,false
884,Maribel,Teasell,mteaselloj@xrea.com,Female,138.229.144.250,false
885,Natka,Paulat,npaulatok@technorati.com,Female,163.41.0.157,true
886,Gerri,Lettuce,glettuceol@wunderground.com,Female,55.98.170.72,true
887,Otho,Cosstick,ocosstickom@desdev.cn,Male,196.70.103.139,true
888,Ripley,Paice,rpaiceon@reference.com,Male,93.62.228.92,true
889,Lynnette,Hotton,lhottonoo@yelp.com,Female,204.17.65.165,true
890,Doll,Kornilov,dkornilovop@nba.com,Agender,187.3.16.253,true
891,Skipp,Beagen,sbeagenoq@tiny.cc,Polygender,32.35.122.92,true
892,Legra,Linton,llintonor@issuu.com,Female,47.123.237.205,false
893,Charis,Turvie,cturvieos@skyrock.com,Female,81.226.242.182,false
894,Livvyy,Povlsen,lpovlsenot@ifeng.com,Female,224.153.203.217,false
895,Mauricio,Clutram,mclutramou@aol.com,Male,134.13.80.93,true
896,Simon,Mitchelhill,smitchelhillov@linkedin.com,Male,56.130.93.88,true
897,Joyann,Draysey,jdrayseyow@slate.com,Female,22.80.50.235,false
898,Jack,Leadley,jleadleyox@github.com,Male,91.238.146.144,true
899,Katy,McKinnon,kmckinnonoy@addtoany.com,Female,68.189.126.127,false
900,Karlotte,Lownsbrough,klownsbroughoz@altervista.org,Polygender,37.217.12.133,true
901,Fonzie,Southward,fsouthwardp0@wordpress.org,Male,134.240.5.153,true
902,Etienne,Raggett,eraggettp1@tinypic.com,Male,20.170.146.139,false
903,Dannel,Sammes,dsammesp2@addtoany.com,Male,207.98.180.0,false
904,Genna,Atchly,gatchlyp3@mail.ru,Female,112.0.133.168,true
905,Bentley,Bourbon,bbourbonp4@state.tx.us,Male,103.115.218.132,true
906,Aurelea,Chatenet,achatenetp5@noaa.gov,Female,220.168.233.237,false
907,Cecil,Slaght,cslaghtp6@psu.edu,Male,46.82.53.108,false
908,Alic,Oldacres,aoldacresp7@nymag.com,Genderfluid,254.180.176.20,true
909,Erl,Laven,elavenp8@biglobe.ne.jp,Male,187.69.238.105,false
910,Garv,Orteau,gorteaup9@fema.gov,Male,88.3.85.139,false
911,Celestia,Orteau,corteaupa@exblog.jp,Female,176.3.15.92,true
912,Jameson,Witcher,jwitcherpb@ehow.com,Male,52.115.246.40,false
913,Aggie,Mensler,amenslerpc@woothemes.com,Female,170.187.44.233,false
914,Hale,Rehm,hrehmpd@miitbeian.gov.cn,Male,133.82.29.194,false
915,Yoshi,Fanthom,yfanthompe@zdnet.com,Female,122.55.58.152,true
916,Graeme,Coverdale,gcoverdalepf@baidu.com,Male,115.166.53.32,true
917,Edlin,Iacobucci,eiacobuccipg@archive.org,Male,13.52.94.72,true
918,Noelyn,Monkhouse,nmonkhouseph@disqus.com,Female,244.213.111.45,true
919,Laetitia,Howsego,lhowsegopi@mapy.cz,Female,252.124.50.247,true
920,Christina,Kimbury,ckimburypj@fastcompany.com,Female,57.170.5.194,false
921,Melodie,Ryman,mrymanpk@psu.edu,Female,59.34.191.146,true
922,Bonita,MacFarland,bmacfarlandpl@shinystat.com,Female,175.18.136.27,false
923,Travus,Marquiss,tmarquisspm@mediafire.com,Male,219.206.109.80,true
924,Wilona,Cuffin,wcuffinpn@istockphoto.com,Female,129.119.227.163,true
925,Kile,Calderbank,kcalderbankpo@nps.gov,Male,209.235.104.145,true
926,Di,Lundberg,dlundbergpp@about.me,Female,197.59.74.69,false
927,Bernardo,Sommers,bsommerspq@cisco.com,Male,66.81.143.47,false
928,Gussie,Lakenden,glakendenpr@slashdot.org,Female,91.105.61.176,true
929,Elga,Locks,elocksps@mozilla.com,Female,126.32.71.37,false
930,Waneta,Thibodeaux,wthibodeauxpt@baidu.com,Female,30.75.4.231,true
931,Nobie,McAdam,nmcadampu@wordpress.org,Male,248.56.16.32,true
932,Nikos,Tume,ntumepv@unc.edu,Male,88.204.92.179,false
933,Zaccaria,Mulderrig,zmulderrigpw@blogspot.com,Male,22.151.73.184,false
934,Rawley,Ghidotti,rghidottipx@last.fm,Non-binary,160.53.186.191,false
935,Marlon,Quayle,mquaylepy@wix.com,Agender,143.209.82.156,false
936,Rickie,Chennells,rchennellspz@sakura.ne.jp,Female,56.33.148.222,true
937,Torie,Eager,teagerq0@ehow.com,Female,236.144.102.125,true
938,Bernhard,Skilbeck,bskilbeckq1@goo.ne.jp,Male,252.130.92.192,false
939,Hasheem,Willowby,hwillowbyq2@mashable.com,Male,170.225.247.24,true
940,Luciano,Gaines,lgainesq3@miitbeian.gov.cn,Male,182.142.243.42,true
941,Rubin,Woodberry,rwoodberryq4@addtoany.com,Male,37.208.19.168,false
942,Rena,Geard,rgeardq5@cyberchimps.com,Genderqueer,1.84.93.78,false
943,Iain,Skelcher,iskelcherq6@a8.net,Male,151.129.158.119,false
944,Iris,Burnand,iburnandq7@icio.us,Female,227.245.118.20,true
945,Dionisio,Giorgi,dgiorgiq8@trellian.com,Male,115.135.110.244,false
946,Ado,Glison,aglisonq9@disqus.com,Male,149.179.147.71,false
947,Zeb,Donnel,zdonnelqa@twitter.com,Male,99.94.171.192,false
948,Loni,Bocking,lbockingqb@independent.co.uk,Female,56.169.117.255,true
949,Mateo,Shimuk,mshimukqc@smugmug.com,Male,66.177.64.239,true
950,Gerome,Bovis,gbovisqd@etsy.com,Male,187.46.208.75,true
951,Harbert,Yourell,hyourellqe@yale.edu,Male,49.161.114.200,true
952,Way,Gonet,wgonetqf@twitpic.com,Male,201.230.99.175,true
953,Shela,Gillaspy,sgillaspyqg@spotify.com,Female,124.116.120.89,false
954,Jsandye,Larrington,jlarringtonqh@angelfire.com,Female,147.199.193.221,true
955,Dolli,Milmoe,dmilmoeqi@ucsd.edu,Female,79.50.217.109,true
956,Ynez,Garard,ygarardqj@wiley.com,Female,196.165.167.232,true
957,Marthena,Stockley,mstockleyqk@constantcontact.com,Female,104.126.51.95,false
958,Rivy,Clerk,rclerkql@t.co,Female,90.210.25.51,false
959,Joannes,Wash,jwashqm@mashable.com,Female,65.208.199.160,false
960,Sasha,Leeds,sleedsqn@artisteer.com,Male,103.67.9.176,true
961,Carie,Clancey,cclanceyqo@wsj.com,Genderqueer,83.113.203.201,false
962,Robb,Chatainier,rchatainierqp@mediafire.com,Male,230.60.12.252,false
963,Caspar,Daly,cdalyqq@github.io,Male,247.82.35.198,true
964,Field,McCarter,fmccarterqr@archive.org,Male,248.17.247.139,true
965,Barnabe,Jex,bjexqs@marriott.com,Male,146.245.128.243,true
966,Salvatore,Lavery,slaveryqt@house.gov,Male,3.36.95.152,false
967,Elenore,Beckerleg,ebeckerlegqu@weibo.com,Genderqueer,77.180.178.117,true
968,Eugenia,Samarth,esamarthqv@toplist.cz,Female,177.234.234.80,false
969,Filberto,Le Grove,flegroveqw@last.fm,Male,37.135.243.190,false
970,Bettine,Wavell,bwavellqx@admin.ch,Female,102.105.58.103,true
971,Marje,Arne,marneqy@rakuten.co.jp,Female,79.38.191.97,false
972,Angus,Muspratt,amusprattqz@miibeian.gov.cn,Male,162.144.129.66,true
973,Glenden,Cinderey,gcindereyr0@uol.com.br,Male,131.56.184.192,false
974,Marna,Bancroft,mbancroftr1@seattletimes.com,Female,178.44.64.87,false
975,Jaine,Shewry,jshewryr2@oracle.com,Female,41.126.22.173,true
976,Rozella,Berkely,rberkelyr3@discuz.net,Female,137.63.236.113,false
977,Casey,Baseggio,cbaseggior4@hatena.ne.jp,Female,185.110.153.219,true
978,Maurita,Franzel,mfranzelr5@yahoo.com,Female,149.204.104.235,true
979,Darren,Tape,dtaper6@ebay.com,Male,234.188.121.85,false
980,Kristos,Lilburn,klilburnr7@edublogs.org,Male,148.153.99.221,true
981,Candi,Callaby,ccallabyr8@xrea.com,Female,95.18.6.207,true
982,Allegra,Freezor,afreezorr9@eventbrite.com,Female,18.222.135.107,true
983,Cchaddie,Fernao,cfernaora@census.gov,Male,130.207.177.190,false
984,Kevan,Stolworthy,kstolworthyrb@independent.co.uk,Male,172.8.87.147,false
985,Alf,Kumar,akumarrc@alibaba.com,Male,8.136.86.128,true
986,Arabela,Labell,alabellrd@flickr.com,Non-binary,83.8.73.15,true
987,Natalya,Mincher,nmincherre@yale.edu,Female,89.159.91.221,true
988,Michelle,Shapcote,mshapcoterf@vinaora.com,Female,150.77.76.21,true
989,Geri,Decker,gdeckerrg@mayoclinic.com,Male,12.212.24.18,true
990,Darby,Gregori,dgregorirh@usgs.gov,Male,202.49.178.179,false
991,Cindi,Waldie,cwaldieri@dion.ne.jp,Female,48.196.170.103,true
992,See,Hirtzmann,shirtzmannrj@techcrunch.com,Male,126.134.57.193,true
993,Vladimir,Kibby,vkibbyrk@hhs.gov,Male,198.143.215.14,false
994,Kathy,Launchbury,klaunchburyrl@ucoz.com,Female,44.211.24.185,false
995,Shellie,Prujean,sprujeanrm@sourceforge.net,Female,126.85.123.51,true
996,Clem,Mussared,cmussaredrn@illinois.edu,Male,97.133.134.192,false
997,Faun,Feechum,ffeechumro@usgs.gov,Female,228.4.133.225,true
998,Anselm,Mazzeo,amazzeorp@ihg.com,Male,212.148.6.21,false
999,Sal,Sibylla,ssibyllarq@ibm.com,Female,86.2.181.141,false
1000,Lucie,Winsome,lwinsomerr@home.pl,Female,248.212.175.54,false
