1,Con,Ringe,cringe0@hud.gov,Male,32.112.166.8,true
2,Sherwood,Lockhead,slockhead1@pen.io,Male,59.152.99.201,true
3,Rosalinda,Betty,rbetty2@hexun.com,Female,237.22.43.130,false
4,Marya,Crampton,mcrampton3@phoca.cz,Female,239.158.33.106,false
5,Gonzalo,Eastham,geastham4@example.com,Male,190.200.128.2,true
6,Rita,Grunbaum,rgrunbaum5@indiegogo.com,Female,98.20.210.179,false
7,Bryna,Billett,bbillett6@dell.com,Female,20.161.119.115,true
8,Corrina,Southouse,csouthouse7@cloudflare.com,Female,40.59.236.45,false
9,Edvard,Skittreal,eskittreal8@macromedia.com,Male,106.100.253.207,true
10,Jasmine,Ryles,jryles9@sina.com.cn,Female,143.85.206.136,false
11,Hedda,Malpass,hmalpassa@tinyurl.com,Female,74.41.25.176,true
12,Hana,Hedgeley,hhedgeleyb@redcross.org,Female,3.162.133.162,false
13,Borden,Wickardt,bwickardtc@cyberchimps.com,Male,165.193.229.211,true
14,Pincas,Beretta,pberettad@fc2.com,Male,0.47.157.228,true
15,Leisha,Houlahan,lhoulahane@reverbnation.com,Female,170.30.37.204,false
16,Oona,Abrahamowitcz,oabrahamowitczf@disqus.com,Female,39.180.215.140,true
17,Karlik,Vedeneev,kvedeneevg@webeden.co.uk,Male,229.130.73.157,true
18,Rodrigo,Spawforth,rspawforthh@reference.com,Male,85.214.189.191,false
19,Belicia,Ondrak,bondraki@washington.edu,Female,33.81.183.29,false
20,Lamont,Cantrell,lcantrellj@drupal.org,Male,74.33.5.193,false
21,Phillida,Laffan,plaffank@virginia.edu,Female,67.167.206.219,true
22,Maude,Borgnol,mborgnoll@wikipedia.org,Female,51.254.162.223,false
23,Tony,Brooksby,tbrooksbym@networksolutions.com,Female,102.58.34.122,true
24,Hansiain,Blucher,hbluchern@prnewswire.com,Male,14.4.168.181,false
25,Winfred,Resdale,wresdaleo@g.co,Male,41.78.81.215,true
26,Nestor,Scholtis,nscholtisp@ebay.co.uk,Male,248.251.147.188,true
27,Oralie,Baumann,obaumannq@behance.net,Female,242.190.197.66,true
28,Jareb,Kimblen,jkimblenr@sitemeter.com,Male,123.155.78.59,true
29,Locke,Rawcliffe,lrawcliffes@cam.ac.uk,Male,63.2.228.64,false
30,Boyd,Sirmon,bsirmont@typepad.com,Male,187.253.178.135,true
31,Rois,Patrickson,rpatricksonu@wp.com,Female,84.59.84.46,false
32,Frederick,Gilgryst,fgilgrystv@theglobeandmail.com,Male,125.154.134.32,true
33,Chen,Philippon,cphilipponw@sourceforge.net,Male,131.214.83.73,true
34,Samantha,Ianno,siannox@netscape.com,Female,28.142.202.148,false
35,Amelina,Wolstenholme,awolstenholmey@zdnet.com,Female,66.226.24.122,true
36,Jaime,Leadbitter,jleadbitterz@cnet.com,Male,37.204.180.80,true
37,Jody,Vigrass,jvigrass10@ft.com,Genderfluid,236.239.149.107,true
38,Tymothy,Fullwood,tfullwood11@japanpost.jp,Male,216.107.29.79,true
39,Prisca,Poppleston,ppoppleston12@tmall.com,Female,175.196.94.139,false
40,Cyrus,Esland,cesland13@issuu.com,Bigender,114.143.233.210,false
41,Courtney,Besnardeau,cbesnardeau14@wiley.com,Female,230.99.239.166,false
42,Carlotta,Spires,cspires15@theatlantic.com,Female,11.193.5.16,true
43,Caria,Bigley,cbigley16@bbc.co.uk,Female,99.233.181.104,false
44,Tallie,Gristwood,tgristwood17@psu.edu,Female,38.176.4.53,true
45,Gil,Dutt,gdutt18@unblog.fr,Male,220.190.71.76,true
46,Rodge,O' Clovan,roclovan19@exblog.jp,Male,28.84.26.224,false
47,Mortie,Mochar,mmochar1a@time.com,Male,167.148.201.137,false
48,Abbe,Ambrus,aambrus1b@hugedomains.com,Male,114.21.85.237,false
49,Taite,Aloway,taloway1c@xrea.com,Male,19.151.227.180,false
50,Webster,Growy,wgrowy1d@so-net.ne.jp,Male,87.253.180.135,true
51,Geri,Matthews,gmatthews1e@wired.com,Female,128.5.166.245,true
52,Fancy,Allsepp,fallsepp1f@indiegogo.com,Female,29.123.28.253,false
53,Elden,Yerlett,eyerlett1g@addthis.com,Male,121.241.144.211,true
54,Darwin,Juster,djuster1h@behance.net,Male,114.79.181.174,true
55,Abby,Hamblen,ahamblen1i@alexa.com,Male,114.108.225.9,false
56,Elysee,Sterland,esterland1j@t-online.de,Female,106.40.153.129,true
57,Keenan,McColgan,kmccolgan1k@telegraph.co.uk,Male,139.81.178.49,true
58,Vere,Paramore,vparamore1l@discovery.com,Female,28.46.37.149,true
59,Damara,Crossley,dcrossley1m@artisteer.com,Female,202.97.197.221,false
60,Bette,Osselton,bosselton1n@vistaprint.com,Agender,197.160.68.104,false
61,Atalanta,Strutz,astrutz1o@nydailynews.com,Female,125.208.36.253,true
62,Anderson,Bilovus,abilovus1p@mozilla.org,Male,158.212.168.55,true
63,Robert,Ganing,rganing1q@epa.gov,Male,7.39.226.143,true
64,Langston,Selliman,lselliman1r@newyorker.com,Male,38.237.144.22,false
65,Lawrence,Loalday,lloalday1s@tumblr.com,Male,105.8.184.18,false
66,Morgen,McConaghy,mmcconaghy1t@oracle.com,Female,74.68.209.44,false
67,Patty,Kerswell,pkerswell1u@feedburner.com,Male,49.9.138.151,true
68,Moyna,Sacaze,msacaze1v@state.gov,Female,202.54.74.169,true
69,Gorden,Wakeley,gwakeley1w@twitpic.com,Male,25.158.224.133,true
70,Clementius,Blazic,cblazic1x@wikispaces.com,Agender,96.155.231.67,true
71,Willis,Seares,wseares1y@csmonitor.com,Male,96.20.81.26,false
72,Cristie,Staresmeare,cstaresmeare1z@wikimedia.org,Female,112.124.7.79,false
73,Chad,Weld,cweld20@apache.org,Non-binary,236.92.85.226,true
74,Mirilla,Ateridge,materidge21@independent.co.uk,Female,181.10.243.29,true
75,Nadya,Wickerson,nwickerson22@ocn.ne.jp,Female,12.196.61.83,false
76,Bruis,Gennerich,bgennerich23@state.tx.us,Male,212.179.194.199,true
77,Huberto,Vise,hvise24@gizmodo.com,Male,194.10.62.168,true
78,El,Storcke,estorcke25@cmu.edu,Male,59.132.179.115,true
79,Janene,Morratt,jmorratt26@discuz.net,Female,184.182.63.236,false
80,Cornie,Kentish,ckentish27@imgur.com,Male,229.250.44.158,false
81,Hersch,Skedge,hskedge28@washington.edu,Male,111.163.86.152,false
82,Melinde,Cristoferi,mcristoferi29@flavors.me,Female,35.11.242.54,false
83,Lydia,Swiffin,lswiffin2a@dot.gov,Female,80.236.64.40,false
84,Mendie,Betteridge,mbetteridge2b@vk.com,Male,32.71.251.16,false
85,Mark,Ibell,mibell2c@reuters.com,Male,56.109.183.73,true
86,Barret,Fewell,bfewell2d@paginegialle.it,Male,200.115.154.253,false
87,Domenico,Ajean,dajean2e@omniture.com,Male,29.34.99.74,false
88,Noell,Wolfenden,nwolfenden2f@google.com.au,Female,45.222.133.236,false
89,Modesty,O'Caine,mocaine2g@youtube.com,Female,44.141.173.104,true
90,Valentine,Tuckey,vtuckey2h@umich.edu,Female,7.127.201.240,true
91,Nalani,Kitchin,nkitchin2i@prnewswire.com,Female,26.214.177.161,false
92,Ruttger,Powles,rpowles2j@baidu.com,Male,13.92.115.192,true
93,Zoe,Isaksen,zisaksen2k@weebly.com,Female,157.142.71.26,false
94,Selia,Borland,sborland2l@nbcnews.com,Female,133.254.165.193,true
95,Joli,Munsey,jmunsey2m@gmpg.org,Female,55.194.128.183,false
96,Hedi,Thorndale,hthorndale2n@alibaba.com,Female,128.218.69.185,false
97,Iris,Jantzen,ijantzen2o@bigcartel.com,Female,251.218.131.171,false
98,Christiano,Raspison,craspison2p@g.co,Male,148.109.80.221,false
99,Felipa,Brodie,fbrodie2q@cornell.edu,Female,141.177.19.94,false
100,Ham,Oldred,holdred2r@amazon.de,Male,131.105.147.169,false
101,Freddi,Bankes,fbankes2s@intel.com,Female,107.13.42.174,true
102,Zitella,Evreux,zevreux2t@friendfeed.com,Female,129.223.61.63,false
103,Marcellina,Rodolico,mrodolico2u@engadget.com,Female,134.219.98.111,true
104,Kim,Alans,kalans2v@jimdo.com,Female,5.115.65.144,true
105,Reeta,Jolly,rjolly2w@mapy.cz,Non-binary,90.69.142.165,false
106,Cahra,Walsom,cwalsom2x@latimes.com,Female,182.131.164.81,true
107,Jackelyn,Aldwich,jaldwich2y@uiuc.edu,Female,132.8.206.88,true
108,Kristal,Wodeland,kwodeland2z@myspace.com,Female,205.92.54.122,false
109,Edgar,McCandless,emccandless30@1und1.de,Male,12.158.202.140,false
110,Lazarus,Hakking,lhakking31@home.pl,Male,150.175.129.152,true
111,Ronny,Neeves,rneeves32@cbsnews.com,Male,138.16.223.27,true
112,Natale,Keelinge,nkeelinge33@lulu.com,Male,86.166.16.101,false
113,Nels,Boothebie,nboothebie34@bravesites.com,Agender,116.179.166.97,true
114,Forbes,Eunson,feunson35@time.com,Male,2.245.121.205,false
115,Alexandrina,Pickburn,apickburn36@blogtalkradio.com,Female,66.60.109.244,false
116,Jamaal,Singyard,jsingyard37@dell.com,Agender,71.32.40.179,false
117,Cora,Dublin,cdublin38@i2i.jp,Female,94.32.29.62,true
118,Jaime,Gwatkins,jgwatkins39@narod.ru,Genderqueer,99.18.18.186,true
119,Constantina,Koles,ckoles3a@soundcloud.com,Female,219.157.255.25,false
120,Melita,Lackington,mlackington3b@hugedomains.com,Female,31.26.227.43,true
121,Louise,Roggeman,lroggeman3c@about.me,Female,218.155.116.119,false
122,Beauregard,Flather,bflather3d@soundcloud.com,Male,37.81.80.24,true
123,Kathye,Ayres,kayres3e@1und1.de,Female,33.193.54.56,false
124,Cazzie,Zimmermanns,czimmermanns3f@storify.com,Male,139.214.57.61,true
125,Lorita,Wennam,lwennam3g@aboutads.info,Female,1.6.132.127,true
126,Jeanne,McCullogh,jmccullogh3h@smugmug.com,Female,77.27.238.27,false
127,Silvana,Venour,svenour3i@yolasite.com,Female,117.43.140.25,true
128,Wilfrid,Kyne,wkyne3j@constantcontact.com,Male,19.36.103.120,true
129,Yurik,Deporte,ydeporte3k@cnbc.com,Male,136.172.142.33,true
130,Anya,Gerant,agerant3l@acquirethisname.com,Genderfluid,145.33.3.89,true
131,Demott,Bradder,dbradder3m@networksolutions.com,Male,20.240.211.241,false
132,Irvin,Jantot,ijantot3n@omniture.com,Male,171.111.72.220,false
133,Cherice,Connar,cconnar3o@ucla.edu,Female,24.44.38.112,true
134,Cristabel,Wickendon,cwickendon3p@51.la,Agender,55.121.13.41,true
135,Dene,Waldrum,dwaldrum3q@hatena.ne.jp,Male,203.191.87.136,false
136,Bruno,Braine,bbraine3r@toplist.cz,Male,34.133.47.214,true
137,Ingar,Whitsey,iwhitsey3s@newyorker.com,Male,126.7.120.70,true
138,Irina,Cubuzzi,icubuzzi3t@devhub.com,Female,31.3.23.136,false
139,Isadora,Flukes,iflukes3u@example.com,Female,255.41.88.25,false
140,Merralee,Aldins,maldins3v@shinystat.com,Genderqueer,114.245.214.73,true
141,Grazia,Qualtro,gqualtro3w@bloglines.com,Female,223.67.90.203,false
142,Madge,Demangeot,mdemangeot3x@scientificamerican.com,Female,28.13.121.118,false
143,Maud,Dillintone,mdillintone3y@sina.com.cn,Female,133.83.154.195,false
144,Crista,Draycott,cdraycott3z@epa.gov,Female,45.24.7.57,false
145,Jeffie,Gurdon,jgurdon40@ustream.tv,Male,97.35.255.88,true
146,Eward,Whitmell,ewhitmell41@hp.com,Male,151.135.34.128,false
147,Golda,Disdel,gdisdel42@craigslist.org,Female,63.129.140.203,true
148,Conway,Lulham,clulham43@twitter.com,Male,171.96.105.75,false
149,Iggie,Elvins,ielvins44@virginia.edu,Male,198.167.4.12,false
150,Rosco,Marini,rmarini45@amazon.com,Male,169.69.186.7,true
151,Urbain,Sooley,usooley46@youku.com,Male,6.107.105.32,true
152,Flossi,MacGuiness,fmacguiness47@ucla.edu,Female,20.143.248.34,true
153,Doroteya,Shine,dshine48@cnet.com,Female,5.108.145.230,true
154,Marcy,Kornalik,mkornalik49@yolasite.com,Female,74.130.218.55,true
155,Irma,Niven,iniven4a@ovh.net,Female,63.77.180.138,true
156,Seana,Grimster,sgrimster4b@imageshack.us,Female,13.9.171.97,false
157,Anthiathia,Whodcoat,awhodcoat4c@hexun.com,Female,8.99.151.190,true
158,Linzy,Stanway,lstanway4d@nba.com,Bigender,57.124.118.9,false
159,Aliza,Baudinelli,abaudinelli4e@businessweek.com,Female,36.88.74.108,false
160,Roxana,McIleen,rmcileen4f@springer.com,Agender,83.48.155.183,false
161,Charlton,Fannon,cfannon4g@patch.com,Male,123.81.56.152,true
162,Bailie,Pech,bpech4h@independent.co.uk,Male,143.23.230.219,true
163,Alano,Stinchcombe,astinchcombe4i@mediafire.com,Male,18.108.229.127,false
164,Daphene,Cuddehy,dcuddehy4j@wix.com,Female,67.116.7.54,true
165,Perl,Woodroff,pwoodroff4k@latimes.com,Female,225.110.5.146,true
166,Hedy,Dinneen,hdinneen4l@wsj.com,Female,15.92.220.67,true
167,Huey,Roebuck,hroebuck4m@twitter.com,Male,193.47.61.1,true
168,Rhetta,Rubra,rrubra4n@foxnews.com,Female,126.45.159.248,true
169,Othella,O'Kynsillaghe,ookynsillaghe4o@theatlantic.com,Female,146.209.246.106,true
170,Godart,Critchard,gcritchard4p@stumbleupon.com,Male,190.159.99.174,false
171,Milt,Londing,mlonding4q@elegantthemes.com,Non-binary,175.165.88.26,true
172,Fayina,Baudains,fbaudains4r@lulu.com,Female,230.173.188.73,false
173,Dulce,Hayhow,dhayhow4s@free.fr,Female,161.127.25.113,true
174,Rafael,Pickavant,rpickavant4t@imdb.com,Non-binary,84.25.150.160,false
175,Kaile,Grima,kgrima4u@icio.us,Bigender,159.2.168.93,false
176,Harri,Menguy,hmenguy4v@vkontakte.ru,Female,193.104.179.133,true
177,Huntlee,McKoy,hmckoy4w@businessinsider.com,Agender,186.123.156.159,false
178,Ronalda,Bernardi,rbernardi4x@mlb.com,Female,35.81.223.164,true
179,Vinni,Vereker,vvereker4y@exblog.jp,Female,80.56.245.150,true
180,Shirlee,Adiscot,sadiscot4z@alexa.com,Female,126.84.245.57,true
181,Tootsie,McMorland,tmcmorland50@360.cn,Female,36.201.131.186,false
182,Halie,Rottery,hrottery51@ed.gov,Bigender,143.255.212.34,false
183,Conrade,Hayhow,chayhow52@noaa.gov,Male,193.71.212.123,true
184,Orsa,Perrat,operrat53@virginia.edu,Female,243.33.78.105,false
185,Fara,Overell,foverell54@sciencedaily.com,Female,55.107.116.101,false
186,Ned,Figger,nfigger55@si.edu,Male,67.230.11.120,true
187,Ofelia,Yakunkin,oyakunkin56@mediafire.com,Female,139.247.60.79,false
188,Clare,Decker,cdecker57@constantcontact.com,Female,92.81.122.180,true
189,Massimiliano,Willmore,mwillmore58@cafepress.com,Male,25.49.17.39,true
190,Donnajean,Lemerie,dlemerie59@mit.edu,Female,153.193.71.129,false
191,Saraann,Becker,sbecker5a@tmall.com,Female,144.251.128.232,true
192,Merissa,Alabastar,malabastar5b@seattletimes.com,Female,238.78.79.240,false
193,Nealy,Elfitt,nelfitt5c@pen.io,Male,181.65.11.152,true
194,Kandy,Heindle,kheindle5d@soup.io,Female,171.103.76.22,false
195,Winnah,Giddings,wgiddings5e@biglobe.ne.jp,Female,187.160.42.215,false
196,Willdon,Duell,wduell5f@mashable.com,Male,130.195.234.8,true
197,Jerald,Renols,jrenols5g@trellian.com,Male,238.119.100.138,true
198,Nikola,Yole,nyole5h@indiatimes.com,Male,5.97.76.3,true
199,Maureene,Windrass,mwindrass5i@gnu.org,Female,0.133.3.21,false
200,Carina,Hanson,chanson5j@imgur.com,Female,76.44.223.132,false
201,Anica,Marie,amarie5k@ed.gov,Female,74.166.167.53,true
202,Gideon,Ducaen,gducaen5l@typepad.com,Male,167.99.201.154,false
203,Jessie,Tomson,jtomson5m@gnu.org,Male,84.206.132.74,false
204,Inness,Bodycomb,ibodycomb5n@foxnews.com,Non-binary,73.148.123.66,true
205,Xenos,Corck,xcorck5o@google.de,Male,3.120.151.37,true
206,Trix,Boole,tboole5p@naver.com,Female,113.246.87.81,false
207,Loise,Pietrowicz,lpietrowicz5q@paypal.com,Female,9.175.255.131,true
208,Bert,Bernli,bbernli5r@quantcast.com,Male,129.206.85.252,false
209,Madeleine,Kennedy,mkennedy5s@jalbum.net,Female,248.166.222.191,false
210,Frans,Beharrell,fbeharrell5t@oaic.gov.au,Male,244.134.167.42,false
211,Tracy,Ruckman,truckman5u@ihg.com,Female,63.118.95.166,true
212,Burton,Tinston,btinston5v@geocities.jp,Male,0.182.231.254,false
213,Archaimbaud,Peacop,apeacop5w@about.me,Male,76.198.163.133,true
214,Waldon,Bang,wbang5x@narod.ru,Male,162.13.103.245,false
215,Opalina,O'Dwyer,oodwyer5y@sciencedaily.com,Female,202.99.233.134,false
216,Parsifal,Athelstan,pathelstan5z@japanpost.jp,Male,35.0.174.95,true
217,Esra,Eton,eeton60@jimdo.com,Male,20.79.26.37,true
218,De witt,Crudginton,dcrudginton61@bandcamp.com,Male,145.235.41.2,false
219,Perri,Millis,pmillis62@oakley.com,Female,128.161.162.244,true
220,Juanita,Haycock,jhaycock63@ovh.net,Female,63.22.135.23,false
221,Mordy,Tompkiss,mtompkiss64@arizona.edu,Male,121.90.195.18,true
222,Chic,Lindeberg,clindeberg65@opensource.org,Male,182.39.155.30,true
223,Palm,Wabe,pwabe66@dedecms.com,Male,207.174.89.76,false
224,Cory,Reed,creed67@umich.edu,Male,51.246.129.99,false
225,Maressa,Phizacklea,mphizacklea68@senate.gov,Female,221.79.188.236,true
226,Cheslie,Althorp,calthorp69@army.mil,Female,197.198.114.113,false
227,Shirlene,Ratt,sratt6a@delicious.com,Female,202.165.131.96,true
228,Roxana,Sherlaw,rsherlaw6b@thetimes.co.uk,Female,67.105.165.75,false
229,Archibald,Dosdale,adosdale6c@weebly.com,Male,90.206.12.83,true
230,Delmor,O'Garmen,dogarmen6d@cnbc.com,Male,45.147.162.129,true
231,Kaylil,Schustl,kschustl6e@europa.eu,Female,109.77.67.115,true
232,Ive,Kettlesting,ikettlesting6f@prweb.com,Male,205.189.135.37,false
233,Catha,Miebes,cmiebes6g@biblegateway.com,Female,213.220.77.46,true
234,Dominik,Docksey,ddocksey6h@fc2.com,Male,42.82.202.5,true
235,Reilly,Ripon,rripon6i@apple.com,Male,133.63.34.168,false
236,Roselle,Ranahan,rranahan6j@homestead.com,Female,180.159.103.234,true
237,Filip,Doughtery,fdoughtery6k@dagondesign.com,Male,190.247.33.7,false
238,Shannan,Ruddock,sruddock6l@delicious.com,Male,182.208.197.83,true
239,Northrop,Droogan,ndroogan6m@jimdo.com,Male,209.202.69.253,true
240,Joline,McSparran,jmcsparran6n@nba.com,Female,27.46.96.55,true
241,Franklin,Coom,fcoom6o@deviantart.com,Male,78.42.151.31,true
242,Millicent,Pell,mpell6p@sakura.ne.jp,Female,179.140.248.198,true
243,Patrizio,Herrero,pherrero6q@epa.gov,Male,151.23.218.18,false
244,Buiron,Hampstead,bhampstead6r@biglobe.ne.jp,Male,14.221.210.19,true
245,Katinka,Orton,korton6s@blinklist.com,Female,139.193.226.147,true
246,Maggy,Charlon,mcharlon6t@bizjournals.com,Female,175.41.76.126,false
247,Joan,Askwith,jaskwith6u@123-reg.co.uk,Female,169.78.244.167,false
248,Nevil,Dutt,ndutt6v@unc.edu,Polygender,123.90.12.163,false
249,Niven,Jendrusch,njendrusch6w@whitehouse.gov,Male,215.135.42.58,true
250,Nicolais,Jarnell,njarnell6x@google.ca,Genderqueer,99.212.40.100,false
251,Wadsworth,Lyddyard,wlyddyard6y@google.fr,Male,195.62.197.73,false
252,Pate,Roux,proux6z@tumblr.com,Male,247.68.141.78,true
253,Kamillah,Salandino,ksalandino70@whitehouse.gov,Female,254.114.60.206,true
254,Damien,Corryer,dcorryer71@mtv.com,Non-binary,57.123.191.225,false
255,Jolyn,Gilchrist,jgilchrist72@pinterest.com,Genderqueer,151.212.120.129,false
256,Carce,Seabright,cseabright73@simplemachines.org,Male,233.201.212.77,false
257,Hyacinthe,McGing,hmcging74@indiegogo.com,Female,30.38.193.62,false
258,Adrianne,Cumberlidge,acumberlidge75@dropbox.com,Female,89.103.131.120,true
259,Ethelbert,O'Finan,eofinan76@arizona.edu,Male,207.104.55.58,false
260,Bessy,Radden,bradden77@whitehouse.gov,Non-binary,25.175.60.204,true
261,Mattie,Handrik,mhandrik78@nydailynews.com,Female,191.163.254.14,false
262,Danielle,Dallin,ddallin79@usda.gov,Female,6.214.84.160,true
263,Phillie,Davidy,pdavidy7a@hud.gov,Female,125.139.194.40,false
264,Pebrook,Ert,pert7b@mysql.com,Male,82.65.245.148,true
265,Ellie,Dorrance,edorrance7c@archive.org,Female,76.228.27.22,false
266,Ezekiel,Pinnock,epinnock7d@oakley.com,Male,2.109.106.177,true
267,Elayne,Breche,ebreche7e@jalbum.net,Female,160.243.57.46,false
268,Rozella,Tramel,rtramel7f@gnu.org,Female,187.120.81.194,true
269,Clevey,Babonau,cbabonau7g@salon.com,Male,37.172.146.144,true
270,Lilian,Lawlie,llawlie7h@zdnet.com,Female,137.250.59.107,false
271,Mathias,Wilsone,mwilsone7i@europa.eu,Male,200.109.192.126,false
272,Cornelius,Hamsley,chamsley7j@java.com,Male,49.174.30.94,true
273,Jeremy,Iddison,jiddison7k@wp.com,Male,103.130.71.82,false
274,Dino,Windless,dwindless7l@go.com,Male,165.84.55.11,true
275,Maris,Carrodus,mcarrodus7m@prweb.com,Female,82.150.135.17,true
276,Welby,Marre,wmarre7n@utexas.edu,Male,115.161.215.66,false
277,Saxe,Harrow,sharrow7o@foxnews.com,Male,241.211.2.62,true
278,Dinnie,Cayette,dcayette7p@bandcamp.com,Female,150.95.60.58,true
279,Marsiella,Sudell,msudell7q@hc360.com,Female,1.19.54.67,false
280,Waneta,Shippard,wshippard7r@princeton.edu,Female,220.10.167.102,false
281,Dacie,Fernier,dfernier7s@t-online.de,Genderfluid,71.46.55.130,true
282,Hoebart,Ginty,hginty7t@umn.edu,Male,255.75.12.142,false
283,Durand,Maggorini,dmaggorini7u@plala.or.jp,Male,218.7.66.57,true
284,Clarabelle,Waadenburg,cwaadenburg7v@delicious.com,Female,160.125.142.39,false
285,Clovis,Kilcoyne,ckilcoyne7w@foxnews.com,Non-binary,35.93.161.101,false
286,Benjamen,Markl,bmarkl7x@sun.com,Male,183.43.63.110,true
287,Alayne,Pirazzi,apirazzi7y@scientificamerican.com,Female,118.112.48.180,true
288,Shay,McGorley,smcgorley7z@xinhuanet.com,Female,168.26.85.78,true
289,Kayley,Antic,kantic80@ifeng.com,Female,141.49.150.72,true
290,Neille,McAllan,nmcallan81@t-online.de,Female,89.118.105.186,true
291,Annabela,Boothby,aboothby82@jimdo.com,Female,216.206.152.153,false
292,Coletta,Tabb,ctabb83@eepurl.com,Female,164.209.225.145,false
293,Margo,Brangan,mbrangan84@yahoo.com,Female,11.97.118.57,false
294,Drusie,Wildor,dwildor85@nydailynews.com,Female,123.184.101.123,true
295,Eadmund,Langfat,elangfat86@indiatimes.com,Male,139.226.109.233,false
296,Dare,Asch,dasch87@smh.com.au,Male,82.190.232.83,true
297,Emmalee,Bolver,ebolver88@goodreads.com,Non-binary,254.201.179.145,true
298,Carie,McHarry,cmcharry89@youku.com,Female,221.105.39.173,true
299,Kain,Sibley,ksibley8a@dropbox.com,Male,222.181.30.159,false
300,Dilan,Dellenbroker,ddellenbroker8b@sbwire.com,Male,63.45.25.243,false
301,Leif,Gilbert,lgilbert8c@wufoo.com,Male,7.5.241.28,true
302,Kippar,O'Lehane,kolehane8d@bloomberg.com,Male,159.200.143.250,false
303,Hazlett,Tutchener,htutchener8e@miitbeian.gov.cn,Male,206.23.151.10,true
304,Osmund,Shevell,oshevell8f@google.nl,Male,190.242.192.170,true
305,Connor,Pinnington,cpinnington8g@joomla.org,Agender,25.208.113.105,false
306,Mendel,Carss,mcarss8h@dedecms.com,Male,148.140.22.79,false
307,Meyer,Sturridge,msturridge8i@nps.gov,Polygender,85.175.64.110,false
308,Martino,Loraine,mloraine8j@smh.com.au,Male,142.209.143.77,true
309,Dave,Stellino,dstellino8k@privacy.gov.au,Male,11.247.102.217,true
310,Mureil,Placstone,mplacstone8l@cdbaby.com,Female,43.33.108.193,true
311,Emanuele,Bygraves,ebygraves8m@devhub.com,Male,174.8.201.2,false
312,Quill,Taysbil,qtaysbil8n@gnu.org,Male,160.71.237.169,false
313,Polly,Pedgrift,ppedgrift8o@fc2.com,Female,61.46.61.66,true
314,Viviana,Weakley,vweakley8p@mayoclinic.com,Female,147.153.72.125,true
315,Andras,Jaye,ajaye8q@virginia.edu,Male,220.2.14.160,false
316,Bartlett,Cohr,bcohr8r@parallels.com,Male,44.16.202.184,true
317,Cristin,Swinfen,cswinfen8s@ftc.gov,Female,83.211.23.71,true
318,Raynard,Schnitter,rschnitter8t@amazon.de,Male,114.124.151.15,false
319,Robinia,Ends,rends8u@imageshack.us,Female,10.108.211.90,false
320,Howie,Scritch,hscritch8v@addtoany.com,Male,75.95.26.35,false
321,Gussy,Udell,gudell8w@surveymonkey.com,Female,220.183.110.67,false
322,Daphene,Lambis,dlambis8x@theatlantic.com,Female,63.182.219.69,false
323,Lincoln,Dallimore,ldallimore8y@hibu.com,Male,36.11.45.195,true
324,Kelci,Janous,kjanous8z@psu.edu,Female,49.176.208.160,false
325,Loydie,Biskupiak,lbiskupiak90@chicagotribune.com,Male,68.158.82.180,false
326,Sheilah,Lagne,slagne91@ow.ly,Female,118.200.118.36,false
327,Roderich,Yegorkin,ryegorkin92@ycombinator.com,Male,147.214.229.166,true
328,Mariejeanne,Lynam,mlynam93@accuweather.com,Female,152.79.108.49,true
329,Blythe,Ondra,bondra94@goo.ne.jp,Female,133.39.3.139,false
330,Kris,Kemsley,kkemsley95@furl.net,Female,87.213.191.59,true
331,Fabian,Ondrasek,fondrasek96@accuweather.com,Genderfluid,1.240.175.176,false
332,Izaak,Dewicke,idewicke97@mapquest.com,Male,171.254.145.6,false
333,Archie,Eddies,aeddies98@drupal.org,Male,203.216.53.165,false
334,Rhody,Sidle,rsidle99@plala.or.jp,Female,41.25.33.168,false
335,Jennette,Chesterton,jchesterton9a@fda.gov,Female,255.94.83.242,true
336,Abigale,Pirot,apirot9b@biglobe.ne.jp,Female,212.42.124.211,false
337,Ade,Bortoloni,abortoloni9c@istockphoto.com,Male,166.136.100.254,false
338,Melinda,Milbourn,mmilbourn9d@uol.com.br,Female,43.203.29.190,false
339,Humbert,Mascall,hmascall9e@hibu.com,Male,58.70.117.46,false
340,Courtney,Wyard,cwyard9f@webeden.co.uk,Male,19.6.23.254,false
341,Mitchell,Gallaher,mgallaher9g@pagesperso-orange.fr,Male,2.236.18.157,false
342,Prissie,Cuff,pcuff9h@vkontakte.ru,Female,46.118.118.254,false
343,Belle,Rillatt,brillatt9i@printfriendly.com,Female,242.103.2.15,true
344,Dal,Dufaur,ddufaur9j@e-recht24.de,Male,197.27.17.92,true
345,Carlos,Tremain,ctremain9k@time.com,Male,41.63.78.123,false
346,Roger,Kampshell,rkampshell9l@wordpress.com,Male,177.131.238.6,false
347,Der,Gallegos,dgallegos9m@tuttocitta.it,Male,241.58.64.149,false
348,Kylie,Willshee,kwillshee9n@pbs.org,Male,221.152.117.149,false
349,Burton,Gluyas,bgluyas9o@topsy.com,Male,124.45.201.211,true
350,Winnah,Jarmyn,wjarmyn9p@hc360.com,Female,109.215.109.116,true
351,Hermia,Cronshaw,hcronshaw9q@washingtonpost.com,Female,43.230.150.229,false
352,Raychel,McKue,rmckue9r@free.fr,Bigender,234.23.251.244,true
353,Jan,Askell,jaskell9s@bloomberg.com,Male,5.178.63.190,false
354,Cele,Cattroll,ccattroll9t@symantec.com,Female,173.233.146.176,false
355,Tedd,Philippou,tphilippou9u@dailymail.co.uk,Agender,101.22.27.187,false
356,Marinna,Danev,mdanev9v@nih.gov,Non-binary,129.240.161.35,false
357,Gothart,Heintze,gheintze9w@mapquest.com,Male,91.41.62.81,true
358,Cortney,Marchiso,cmarchiso9x@multiply.com,Agender,69.31.133.44,true
359,Allina,Mainson,amainson9y@amazonaws.com,Non-binary,50.73.46.41,false
360,Ralf,Gaule,rgaule9z@dailymotion.com,Genderqueer,134.52.159.63,true
361,Tabbitha,Derrick,tderricka0@cyberchimps.com,Female,48.218.206.150,true
362,Antons,Vannacci,avannaccia1@wordpress.org,Male,50.91.142.169,true
363,Bernard,Szimoni,bszimonia2@nymag.com,Male,226.197.59.211,false
364,Chiquita,Illingworth,cillingwortha3@sun.com,Female,15.8.224.135,true
365,Merridie,Castellone,mcastellonea4@wiley.com,Female,131.12.84.202,false
366,Randolph,Wolters,rwoltersa5@vinaora.com,Male,255.86.44.178,true
367,Esma,Donavan,edonavana6@ebay.com,Female,235.115.230.53,true
368,Luce,Abade,labadea7@umich.edu,Male,154.21.107.121,true
369,Udell,Shelvey,ushelveya8@cnet.com,Male,197.230.82.76,true
370,Yolanthe,Maroney,ymaroneya9@ucla.edu,Female,80.62.118.192,false
371,Arabella,BURWIN,aburwinaa@google.es,Female,85.103.30.118,true
372,Olenolin,Egginton,oeggintonab@webnode.com,Male,102.207.127.46,true
373,Katey,Jarlmann,kjarlmannac@alexa.com,Female,187.121.246.94,false
374,Luise,MacHarg,lmachargad@adobe.com,Female,178.28.3.207,false
375,Adrian,Orfeur,aorfeurae@intel.com,Female,202.163.149.220,true
376,Jory,Archdeacon,jarchdeaconaf@usgs.gov,Male,156.87.102.110,false
377,Lin,Chainey,lchaineyag@shareasale.com,Polygender,21.147.120.159,true
378,Forbes,Neathway,fneathwayah@miibeian.gov.cn,Male,65.109.12.214,false
379,Janessa,Fumagallo,jfumagalloai@intel.com,Female,102.67.181.119,false
380,Jessie,Klimpke,jklimpkeaj@g.co,Female,90.229.16.75,false
381,Alyosha,Askew,aaskewak@aboutads.info,Male,140.48.140.85,true
382,Brewster,Shapcote,bshapcoteal@webeden.co.uk,Male,80.234.167.102,false
383,Ajay,Goschalk,agoschalkam@ifeng.com,Female,57.141.209.209,true
384,Connie,Garmans,cgarmansan@scribd.com,Genderfluid,142.109.120.129,true
385,Odelinda,Huggett,ohuggettao@1688.com,Female,97.190.139.69,false
386,Guthry,Thaxton,gthaxtonap@typepad.com,Male,163.45.223.73,true
387,Lillis,Mc Menamin,lmcmenaminaq@livejournal.com,Female,96.71.150.108,false
388,Drugi,Gentile,dgentilear@wordpress.com,Male,156.147.76.198,true
389,Dody,Royston,droystonas@reference.com,Female,18.19.126.3,true
390,Jo ann,Fowley,jfowleyat@netlog.com,Female,226.98.47.252,false
391,Hoyt,Dingle,hdingleau@umn.edu,Male,125.41.108.234,false
392,Zedekiah,Dangerfield,zdangerfieldav@spotify.com,Male,226.95.14.132,false
393,Gleda,Sapseed,gsapseedaw@a8.net,Female,236.175.158.206,false
394,Rica,O' Byrne,robyrneax@state.tx.us,Female,76.78.154.52,false
395,Luci,Beachem,lbeachemay@github.com,Female,170.196.234.221,true
396,Marline,Ronca,mroncaaz@icq.com,Female,22.169.142.63,false
397,Gael,Gabbott,ggabbottb0@newyorker.com,Female,100.189.241.83,true
398,Sarah,Jobern,sjobernb1@amazonaws.com,Female,90.182.17.164,false
399,Darryl,Farry,dfarryb2@amazonaws.com,Female,228.226.69.103,false
400,Mallory,Pelos,mpelosb3@wikimedia.org,Genderfluid,207.18.149.227,true
401,Uta,Ilchenko,uilchenkob4@w3.org,Genderfluid,76.199.184.91,false
402,Elna,Hembling,ehemblingb5@t.co,Female,237.129.76.15,false
403,Prent,Saull,psaullb6@nyu.edu,Genderqueer,154.83.6.142,true
404,Jeri,Lehrian,jlehrianb7@upenn.edu,Female,144.150.160.189,false
405,Blythe,Room,broomb8@ocn.ne.jp,Female,130.86.221.51,false
406,Etty,MacRury,emacruryb9@google.ca,Female,171.146.19.166,false
407,Quintana,Davydzenko,qdavydzenkoba@gov.uk,Female,250.230.244.17,false
408,Bondie,Wyldbore,bwyldborebb@npr.org,Male,96.236.56.227,true
409,Lek,O' Mulderrig,lomulderrigbc@washingtonpost.com,Male,227.236.168.50,true
410,Christian,Middler,cmiddlerbd@vkontakte.ru,Female,108.229.232.219,false
411,Neville,Lornsen,nlornsenbe@ezinearticles.com,Male,0.154.218.201,true
412,Yehudi,Winfred,ywinfredbf@youku.com,Male,56.19.191.19,false
413,Charisse,Clyant,cclyantbg@printfriendly.com,Non-binary,241.252.184.10,false
414,Christophorus,Rosenbaum,crosenbaumbh@si.edu,Male,68.229.99.101,true
415,Barde,Ardley,bardleybi@amazon.de,Male,127.144.132.177,true
416,Arney,Girkins,agirkinsbj@economist.com,Non-binary,150.232.112.31,true
417,Harli,Mitchelson,hmitchelsonbk@taobao.com,Female,100.226.54.186,false
418,Angela,Paine,apainebl@is.gd,Genderfluid,11.182.251.227,false
419,Kenyon,Austin,kaustinbm@wsj.com,Male,132.210.218.165,false
420,Bobinette,Stigger,bstiggerbn@yelp.com,Female,93.80.26.87,false
421,Robbert,Smeuin,rsmeuinbo@hhs.gov,Male,164.56.123.91,true
422,Gifford,Gambrell,ggambrellbp@ft.com,Male,28.44.134.187,false
423,Cleon,Curcher,ccurcherbq@indiatimes.com,Male,228.40.184.245,false
424,Silvio,Royans,sroyansbr@vimeo.com,Male,93.201.110.92,false
425,Mahala,Ferber,mferberbs@chron.com,Female,101.24.123.202,true
426,Celeste,Willerson,cwillersonbt@disqus.com,Female,159.19.193.38,true
427,Britteny,Schulze,bschulzebu@squidoo.com,Non-binary,232.152.215.122,true
428,Sibylla,Molloy,smolloybv@buzzfeed.com,Female,35.26.193.111,false
429,Solomon,Cheetam,scheetambw@tripod.com,Bigender,255.205.26.100,true
430,Jobey,MacTavish,jmactavishbx@globo.com,Female,113.35.163.248,true
431,Dalenna,Djurisic,ddjurisicby@house.gov,Female,83.120.102.16,false
432,Crosby,Dawes,cdawesbz@amazon.co.uk,Male,110.55.239.48,true
433,Randi,Rickersy,rrickersyc0@comsenz.com,Female,77.13.14.180,false
434,Erny,Fowlestone,efowlestonec1@typepad.com,Male,147.122.6.253,false
435,Park,Thouless,pthoulessc2@weather.com,Male,147.15.85.164,false
436,Martin,Strephan,mstrephanc3@1und1.de,Male,103.104.13.79,true
437,Gratia,Emlin,gemlinc4@studiopress.com,Female,218.47.25.130,false
438,Imogene,Baume,ibaumec5@blogtalkradio.com,Female,50.253.223.253,false
439,Penny,Brocklesby,pbrocklesbyc6@buzzfeed.com,Agender,251.221.209.61,false
440,Norby,Cade,ncadec7@so-net.ne.jp,Polygender,247.2.22.21,false
441,Eadith,Doutch,edoutchc8@who.int,Female,235.162.239.223,false
442,Olympie,Larmour,olarmourc9@cnbc.com,Female,191.254.193.211,false
443,Kerstin,Kynvin,kkynvinca@shinystat.com,Female,40.189.152.52,false
444,Frederico,Golland,fgollandcb@abc.net.au,Male,178.26.110.124,true
445,Seward,Enevold,senevoldcc@statcounter.com,Male,152.156.85.22,true
446,Ophelia,Zuanelli,ozuanellicd@devhub.com,Female,233.207.220.171,true
447,Johnette,De Lacey,jdelaceyce@scientificamerican.com,Female,134.248.223.255,false
448,Joan,Petz,jpetzcf@admin.ch,Polygender,122.26.174.67,false
449,Rebeka,Domokos,rdomokoscg@usatoday.com,Female,105.59.7.104,false
450,Merl,Dennett,mdennettch@twitpic.com,Female,234.67.211.82,true
451,Lesly,Minton,lmintonci@freewebs.com,Female,103.55.209.0,false
452,Ermin,Sansam,esansamcj@cnbc.com,Male,146.147.76.147,false
453,Ferd,Treen,ftreenck@amazon.de,Male,172.178.229.65,false
454,Gilles,Tregoning,gtregoningcl@xrea.com,Male,113.193.111.139,true
455,Irene,St. Quintin,istquintincm@sogou.com,Female,26.142.20.67,false
456,Kass,Graeber,kgraebercn@technorati.com,Female,72.17.179.12,true
457,Rene,Sinson,rsinsonco@ucla.edu,Female,120.112.129.159,false
458,Binky,Cruxton,bcruxtoncp@topsy.com,Male,20.70.45.177,false
459,Ryley,Ealden,realdencq@instagram.com,Male,228.99.249.100,false
460,Wilburt,Trower,wtrowercr@geocities.com,Male,119.8.98.142,false
461,Roth,Arcase,rarcasecs@time.com,Male,154.25.41.246,true
462,Tiffy,Bickerstaff,tbickerstaffct@whitehouse.gov,Non-binary,189.148.114.58,false
463,Yvonne,Hamfleet,yhamfleetcu@princeton.edu,Female,94.168.214.15,false
464,Winifield,Kempston,wkempstoncv@360.cn,Male,252.143.90.78,false
465,Kalli,Roly,krolycw@dell.com,Female,242.116.105.254,false
466,Cassaundra,Chevis,ccheviscx@unc.edu,Female,88.208.30.117,false
467,Garrik,Garrigan,ggarrigancy@tiny.cc,Male,108.221.104.36,false
468,Cobby,Colclough,ccolcloughcz@princeton.edu,Male,144.25.46.75,false
469,Baryram,Etches,betchesd0@1688.com,Male,250.249.144.191,false
470,Janeen,Dignan,jdignand1@ustream.tv,Female,94.113.158.9,false
471,Daveta,Heads,dheadsd2@chron.com,Female,151.146.185.81,false
472,Hubie,Abazi,habazid3@unblog.fr,Male,174.11.161.156,false
473,Stephanus,Manass,smanassd4@cafepress.com,Male,117.15.196.5,true
474,Andres,Bracher,abracherd5@printfriendly.com,Male,224.28.84.38,true
475,Meggi,Sprosson,msprossond6@nba.com,Female,165.212.67.174,false
476,Ignacio,Clemits,iclemitsd7@arstechnica.com,Male,5.92.224.132,false
477,Tanhya,Stebbings,tstebbingsd8@tripadvisor.com,Female,235.165.193.246,false
478,Martina,Sherwin,msherwind9@princeton.edu,Female,23.155.231.107,false
479,Rourke,Narup,rnarupda@walmart.com,Male,156.248.84.3,false
480,Terri,Pervew,tpervewdb@merriam-webster.com,Female,41.207.178.155,true
481,Ernie,Joder,ejoderdc@topsy.com,Male,239.242.19.139,true
482,Jacobo,Stebbin,jstebbindd@homestead.com,Male,27.32.89.230,false
483,Lewes,de Broke,ldebrokede@a8.net,Male,76.3.172.90,false
484,Jackquelin,Nisen,jnisendf@usda.gov,Female,222.192.12.143,true
485,Gigi,Grierson,ggriersondg@dailymotion.com,Female,218.49.95.162,false
486,Olivero,Enriquez,oenriquezdh@microsoft.com,Male,189.55.88.124,true
487,Joshuah,Feander,jfeanderdi@dailymail.co.uk,Male,243.36.65.143,true
488,Dietrich,Aberkirder,daberkirderdj@dailymail.co.uk,Male,232.181.141.163,true
489,Zia,Tassel,ztasseldk@yahoo.co.jp,Female,206.132.113.176,false
490,Cherrita,Kingscote,ckingscotedl@craigslist.org,Female,41.7.191.79,false
491,Berny,Pavel,bpaveldm@dagondesign.com,Female,222.189.64.25,false
492,Fulton,Robak,frobakdn@yellowpages.com,Male,73.26.156.160,true
493,Otho,McCutcheon,omccutcheondo@wp.com,Male,39.12.119.201,true
494,Ibbie,Swales,iswalesdp@xing.com,Female,193.168.134.116,true
495,Audrye,East,aeastdq@irs.gov,Female,229.212.36.181,true
496,Ruttger,Kleeborn,rkleeborndr@imgur.com,Male,60.185.199.178,false
497,Tobin,Wildsmith,twildsmithds@flavors.me,Male,118.106.241.4,true
498,Nicky,Orthmann,northmanndt@ifeng.com,Genderfluid,208.251.43.236,true
499,Arie,Alpin,aalpindu@elegantthemes.com,Male,59.199.202.99,true
500,Wildon,Delos,wdelosdv@parallels.com,Male,9.24.149.36,false
501,Talbert,Iacovides,tiacovidesdw@taobao.com,Male,145.234.170.18,true
502,Nadean,Kemster,nkemsterdx@sfgate.com,Female,161.137.115.224,true
503,Donni,Nani,dnanidy@fotki.com,Female,62.134.191.143,true
504,Oberon,Enriquez,oenriquezdz@wisc.edu,Male,4.120.4.143,false
505,Reagen,Gayden,rgaydene0@123-reg.co.uk,Male,95.128.57.201,true
506,Kipper,Tremeer,ktremeere1@bigcartel.com,Male,219.211.90.81,true
507,Gordan,Griffitts,ggriffittse2@theatlantic.com,Male,218.254.217.22,true
508,Maria,Skene,mskenee3@istockphoto.com,Female,12.15.180.225,false
509,Kasey,Barlie,kbarliee4@is.gd,Non-binary,148.6.247.182,true
510,Benny,Seery,bseerye5@unicef.org,Male,209.223.85.153,true
511,Lise,Hylton,lhyltone6@drupal.org,Female,83.95.123.194,false
512,Abbi,Tomasino,atomasinoe7@sphinn.com,Female,42.190.22.178,false
513,Nissie,Madill,nmadille8@statcounter.com,Female,189.121.236.58,false
514,Christel,Limpertz,climpertze9@ifeng.com,Female,189.36.87.5,true
515,Athena,McCrostie,amccrostieea@mac.com,Female,234.130.143.26,false
516,Evyn,Terry,eterryeb@tuttocitta.it,Male,216.196.252.194,true
517,Tildi,McNelis,tmcnelisec@wisc.edu,Female,165.206.176.143,true
518,Calv,Flucks,cflucksed@sitemeter.com,Male,51.135.64.200,false
519,Homere,Beeble,hbeebleee@un.org,Male,134.92.5.75,false
520,Bobbee,Fannon,bfannonef@seesaa.net,Female,227.252.159.21,false
521,Trude,Huckerbe,thuckerbeeg@dot.gov,Female,239.31.10.0,false
522,Felipe,Dillamore,fdillamoreeh@loc.gov,Male,28.39.37.45,true
523,Elga,Bartoszewski,ebartoszewskiei@forbes.com,Female,246.176.133.201,false
524,Cheri,Poulgreen,cpoulgreenej@un.org,Female,0.33.221.13,true
525,Ianthe,Leavold,ileavoldek@fda.gov,Female,207.246.52.32,false
526,Estrella,Mishaw,emishawel@ucsd.edu,Bigender,200.29.61.180,false
527,Nicolai,MacAlinden,nmacalindenem@adobe.com,Male,130.47.149.146,true
528,Rustin,Cardenas,rcardenasen@blog.com,Male,57.20.184.137,true
529,Natalina,Trevaskiss,ntrevaskisseo@mapquest.com,Female,246.228.188.247,false
530,Robinia,Ivanin,rivaninep@ox.ac.uk,Female,147.209.209.80,true
531,Mead,Blackader,mblackadereq@topsy.com,Male,25.86.193.178,false
532,Hazel,Pentecust,hpentecuster@bluehost.com,Male,234.67.84.67,false
533,Norris,Yurygyn,nyurygynes@freewebs.com,Male,101.19.125.12,true
534,Erich,Scurrey,escurreyet@mapy.cz,Male,87.56.41.149,true
535,Chrysler,Dashkovich,cdashkovicheu@squarespace.com,Female,231.191.49.140,false
536,Amandie,Bengle,abengleev@wordpress.org,Female,43.142.225.227,true
537,Dalia,Johncey,djohnceyew@slashdot.org,Female,28.241.112.152,true
538,Nertie,Wingeatt,nwingeattex@xinhuanet.com,Female,183.247.197.195,false
539,Josephina,Blincko,jblinckoey@instagram.com,Female,247.183.224.222,false
540,Shandra,Buick,sbuickez@omniture.com,Non-binary,48.211.172.162,true
541,Willie,Trousdale,wtrousdalef0@freewebs.com,Female,212.243.227.68,false
542,Paxon,Lippingwell,plippingwellf1@wiley.com,Male,109.142.63.165,true
543,Magnum,Groven,mgrovenf2@time.com,Male,196.42.96.202,false
544,Michele,Magister,mmagisterf3@plala.or.jp,Polygender,204.3.100.22,true
545,Bart,Bingall,bbingallf4@t.co,Male,149.59.208.159,true
546,Courtney,Skeats,cskeatsf5@oakley.com,Female,134.89.159.44,false
547,Rivi,Larkin,rlarkinf6@mapquest.com,Female,5.224.55.20,true
548,Dar,Wickstead,dwicksteadf7@discuz.net,Male,106.112.62.176,true
549,Dag,Pyrke,dpyrkef8@google.com,Polygender,162.46.113.97,true
550,Orazio,Janssen,ojanssenf9@foxnews.com,Male,18.203.34.207,true
551,Jo-anne,Adam,jadamfa@desdev.cn,Female,197.55.166.203,false
552,Nicole,Lenney,nlenneyfb@hibu.com,Female,182.175.186.50,false
553,Odessa,Simonutti,osimonuttifc@nba.com,Female,52.157.100.233,false
554,Val,Korfmann,vkorfmannfd@spiegel.de,Agender,101.55.224.80,true
555,Eric,Sambidge,esambidgefe@rediff.com,Male,190.123.34.209,true
556,Si,Snoden,ssnodenff@vistaprint.com,Male,173.217.165.150,true
557,Jolynn,Chittey,jchitteyfg@nature.com,Female,64.4.107.100,true
558,Jamey,Lissenden,jlissendenfh@deviantart.com,Bigender,88.103.58.170,true
559,Kasey,Bysshe,kbysshefi@printfriendly.com,Female,102.40.80.91,false
560,Nickola,Vasilik,nvasilikfj@ask.com,Male,189.77.192.250,false
561,Valeda,Milner,vmilnerfk@cnbc.com,Female,150.156.159.69,false
562,Shanta,Bygreaves,sbygreavesfl@wufoo.com,Female,131.162.98.101,true
563,Donnajean,Bance,dbancefm@creativecommons.org,Female,174.8.226.114,true
564,Tiphani,Matthew,tmatthewfn@seattletimes.com,Female,246.79.202.38,true
565,Auberon,Soule,asoulefo@deliciousdays.com,Male,150.131.87.25,false
566,Mohandas,Witherspoon,mwitherspoonfp@live.com,Male,226.136.66.85,true
567,Elinor,Tutt,etuttfq@gravatar.com,Female,213.144.165.185,false
568,Dianna,Dannett,ddannettfr@cyberchimps.com,Female,102.166.45.237,false
569,Caye,Bazell,cbazellfs@fotki.com,Female,23.242.119.218,true
570,Ermin,Kleinber,ekleinberft@google.nl,Male,203.170.155.180,true
571,Tracie,Portinari,tportinarifu@google.pl,Genderqueer,255.106.9.110,true
572,Stevy,Kacheller,skachellerfv@bloomberg.com,Male,14.6.217.156,false
573,Tallie,Dedam,tdedamfw@deviantart.com,Female,40.41.49.39,true
574,Dorthy,Velte,dveltefx@google.com.br,Female,236.91.250.149,false
575,Emmalynne,Cobbledick,ecobbledickfy@globo.com,Genderqueer,188.179.82.250,true
576,Lian,Glassard,lglassardfz@mapy.cz,Female,1.107.117.229,true
577,Maurita,Duxbarry,mduxbarryg0@dion.ne.jp,Female,140.170.161.71,false
578,Amaleta,Chatell,achatellg1@issuu.com,Female,174.195.146.191,false
579,Rustin,Yoseloff,ryoseloffg2@berkeley.edu,Male,2.148.163.143,false
580,Gaven,Cripin,gcriping3@opensource.org,Male,16.217.126.60,true
581,Ashil,Lorait,aloraitg4@salon.com,Female,66.49.150.241,true
582,Darelle,Grestye,dgrestyeg5@sphinn.com,Female,222.40.117.48,true
583,Verna,Barraclough,vbarracloughg6@yahoo.co.jp,Female,141.189.66.131,true
584,Bernita,Granleese,bgranleeseg7@issuu.com,Female,112.225.174.4,true
585,Eduino,Kondratenko,ekondratenkog8@usatoday.com,Male,123.191.21.247,false
586,Marice,Licciardello,mlicciardellog9@alexa.com,Female,205.38.170.106,true
587,Loria,Morton,lmortonga@google.fr,Female,205.96.40.125,true
588,Tobit,Muller,tmullergb@princeton.edu,Male,253.5.131.175,false
589,Barny,Maffulli,bmaffulligc@sitemeter.com,Male,3.210.79.203,false
590,Wyndham,Alchin,walchingd@narod.ru,Male,43.130.11.151,false
591,Ingrid,Loftie,iloftiege@cloudflare.com,Female,132.232.103.31,false
592,Rosabel,Glozman,rglozmangf@sogou.com,Female,88.116.41.117,true
593,Raul,Georg,rgeorggg@bloglines.com,Male,5.9.101.150,false
594,Luella,Normadell,lnormadellgh@businesswire.com,Female,124.59.110.148,false
595,Brina,Viccary,bviccarygi@infoseek.co.jp,Female,213.60.168.33,false
596,Carny,Tremblett,ctremblettgj@ezinearticles.com,Male,23.58.40.61,false
597,Aubrey,Cartwight,acartwightgk@wsj.com,Female,97.95.48.205,false
598,Maddi,O'Cahey,mocaheygl@vimeo.com,Female,169.171.22.28,true
599,Worthy,Mathely,wmathelygm@wp.com,Male,159.107.111.10,false
600,Emmeline,Cicculi,ecicculign@admin.ch,Female,179.236.58.167,false
601,Ricki,Fallowfield,rfallowfieldgo@shutterfly.com,Female,58.254.58.128,false
602,Toma,Tredget,ttredgetgp@japanpost.jp,Female,140.101.203.155,false
603,Artair,Tourry,atourrygq@privacy.gov.au,Male,75.56.2.222,false
604,Karalynn,Stephens,kstephensgr@tmall.com,Female,38.145.93.185,false
605,Jenilee,Longthorne,jlongthornegs@unesco.org,Female,105.195.246.5,true
606,Faber,Vedenichev,fvedenichevgt@cocolog-nifty.com,Male,173.204.37.77,false
607,Kirsten,Smidmor,ksmidmorgu@usgs.gov,Female,153.218.83.9,false
608,Danice,MacArthur,dmacarthurgv@soup.io,Female,124.239.111.74,true
609,Eimile,Pavlata,epavlatagw@amazon.co.jp,Bigender,240.221.214.7,false
610,Rodd,Rubie,rrubiegx@ucoz.com,Male,96.100.133.77,true
611,Dewey,Parsonage,dparsonagegy@ameblo.jp,Male,52.234.35.141,false
612,Darya,Gowers,dgowersgz@nasa.gov,Female,38.113.0.3,true
613,Jamima,McAne,jmcaneh0@webs.com,Female,36.220.69.27,false
614,Jared,Lindenfeld,jlindenfeldh1@prnewswire.com,Male,191.97.83.40,false
615,Vergil,Guisby,vguisbyh2@about.me,Male,248.102.250.71,true
616,Margaretha,Clemendet,mclemendeth3@pagesperso-orange.fr,Female,25.161.164.202,false
617,Penelopa,Lissandre,plissandreh4@mtv.com,Female,104.151.3.25,true
618,Karlik,Baldam,kbaldamh5@instagram.com,Male,26.250.59.225,true
619,Mala,Legate,mlegateh6@google.com.hk,Female,196.252.203.128,true
620,Sharline,Robyns,srobynsh7@washingtonpost.com,Non-binary,55.114.50.165,false
621,Marika,Cherrington,mcherringtonh8@unicef.org,Female,126.67.98.19,false
622,Lind,Molen,lmolenh9@unesco.org,Female,238.191.32.204,false
623,Waylan,Bodicum,wbodicumha@census.gov,Male,247.64.158.52,false
624,Margo,Marushak,mmarushakhb@fc2.com,Female,188.162.152.20,true
625,Selia,Iorio,sioriohc@nymag.com,Female,158.35.187.232,false
626,Geri,Peacey,gpeaceyhd@gmpg.org,Female,155.158.245.144,true
627,Auberta,Farn,afarnhe@pcworld.com,Female,71.184.94.159,false
628,Rafe,Laddle,rladdlehf@yellowpages.com,Male,83.248.162.51,false
629,Heriberto,Crickmoor,hcrickmoorhg@mac.com,Male,207.201.38.232,true
630,Gabrila,Corran,gcorranhh@ucoz.com,Female,142.241.69.225,false
631,Steve,Tidbold,stidboldhi@ox.ac.uk,Male,54.200.160.193,false
632,Broddy,Echalier,bechalierhj@google.cn,Male,12.89.43.21,true
633,Justis,Pell,jpellhk@businesswire.com,Male,195.126.181.13,false
634,Maurice,Londors,mlondorshl@com.com,Male,127.15.230.211,false
635,Marco,Curlis,mcurlishm@wikia.com,Male,3.76.54.60,false
636,Jeremias,Beakes,jbeakeshn@washingtonpost.com,Male,137.212.127.138,false
637,Alric,Duggleby,adugglebyho@apple.com,Male,26.44.43.183,true
638,Kane,Crasswell,kcrasswellhp@i2i.jp,Male,51.70.41.98,false
639,Stacia,Dossetter,sdossetterhq@php.net,Female,180.185.107.179,false
640,Clay,Pittman,cpittmanhr@answers.com,Male,240.185.205.184,true
641,Priscella,Menghi,pmenghihs@mit.edu,Female,186.180.84.197,false
642,Brennen,Gauden,bgaudenht@umn.edu,Male,66.157.54.26,false
643,Vilma,Hevner,vhevnerhu@booking.com,Female,121.192.133.207,true
644,Brian,Hails,bhailshv@blogspot.com,Male,25.178.44.145,true
645,Federica,Raulstone,fraulstonehw@zdnet.com,Agender,133.59.184.28,true
646,Benetta,Chape,bchapehx@xrea.com,Female,159.162.131.51,true
647,Skylar,Spargo,sspargohy@scientificamerican.com,Male,69.244.7.246,true
648,Miles,Connue,mconnuehz@cloudflare.com,Male,128.223.98.68,false
649,Thain,Marchetti,tmarchettii0@behance.net,Male,56.70.28.239,false
650,Flora,Marcam,fmarcami1@shareasale.com,Female,113.243.80.179,true
651,Leodora,Mapowder,lmapowderi2@google.co.uk,Polygender,86.106.85.7,false
652,Nelson,Dutson,ndutsoni3@360.cn,Male,241.102.234.33,false
653,Peadar,Currell,pcurrelli4@indiatimes.com,Male,45.22.232.230,true
654,Camala,Burberow,cburberowi5@imgur.com,Female,170.117.64.132,true
655,Adriane,Wimes,awimesi6@tamu.edu,Female,248.82.242.62,false
656,Lonny,Greenway,lgreenwayi7@yolasite.com,Male,17.41.101.57,true
657,Marga,Sorrel,msorreli8@mapquest.com,Female,79.68.181.105,true
658,Lionello,Hargate,lhargatei9@canalblog.com,Genderqueer,214.228.21.8,true
659,Corby,Berger,cbergeria@seesaa.net,Male,115.125.70.144,false
660,Dudley,Liggins,dligginsib@hexun.com,Male,218.62.184.85,true
661,Margalo,Sawers,msawersic@ed.gov,Female,34.151.39.31,true
662,Terri,Snowding,tsnowdingid@nydailynews.com,Female,41.135.103.148,true
663,Orren,Milward,omilwardie@netlog.com,Male,236.139.156.53,false
664,Buckie,Conrart,bconrartif@seattletimes.com,Male,138.18.20.35,true
665,Chet,Carslaw,ccarslawig@mozilla.org,Male,237.122.9.190,true
666,Taylor,Spurnier,tspurnierih@csmonitor.com,Male,195.60.243.186,true
667,Tonya,Byk,tbykii@taobao.com,Female,141.84.250.18,false
668,Eimile,Bigmore,ebigmoreij@hatena.ne.jp,Female,212.195.82.187,true
669,Pepillo,Durnell,pdurnellik@dyndns.org,Male,66.248.50.48,true
670,Emalee,Grzeszczyk,egrzeszczykil@51.la,Female,236.121.48.114,true
671,Shae,Leafe,sleafeim@mozilla.org,Male,215.245.56.116,true
672,Jacki,MattiCCI,jmatticciin@bigcartel.com,Female,22.99.222.146,false
673,Arri,Janney,ajanneyio@ftc.gov,Male,187.111.56.245,false
674,Gifford,Dudmarsh,gdudmarship@oakley.com,Male,173.43.39.202,false
675,Bette-ann,Deakan,bdeakaniq@harvard.edu,Genderfluid,148.9.117.28,true
676,Olenolin,Krochmann,okrochmannir@latimes.com,Polygender,246.106.108.81,true
677,Dorise,Nisbet,dnisbetis@desdev.cn,Female,57.98.98.208,false
678,Rance,Ebbings,rebbingsit@statcounter.com,Male,112.169.69.5,false
679,Hedwig,Iley,hileyiu@economist.com,Female,120.172.217.160,true
680,Hunfredo,Timmons,htimmonsiv@sitemeter.com,Male,10.136.129.127,true
681,Rich,Andreaccio,randreaccioiw@goo.ne.jp,Male,12.51.208.188,false
682,Jennica,Drysdale,jdrysdaleix@redcross.org,Female,73.158.90.192,false
683,Sigvard,Groombridge,sgroombridgeiy@drupal.org,Male,202.157.166.40,true
684,Blaire,Twigg,btwiggiz@telegraph.co.uk,Female,206.76.69.59,true
685,Goober,Garrioch,ggarriochj0@chicagotribune.com,Polygender,154.5.24.100,true
686,Myrtia,Fattorini,mfattorinij1@pen.io,Female,255.50.68.141,true
687,Angie,Owenson,aowensonj2@hp.com,Female,151.106.220.43,true
688,North,Summergill,nsummergillj3@aol.com,Male,97.63.6.148,false
689,Ephrayim,Baumber,ebaumberj4@ebay.com,Male,162.132.135.164,false
690,Trudey,Kamienski,tkamienskij5@uiuc.edu,Female,138.42.28.176,false
691,Edna,Hartles,ehartlesj6@wordpress.org,Female,190.76.116.159,true
692,Rhonda,Kingzeth,rkingzethj7@netlog.com,Female,190.43.222.191,false
693,Beaufort,Erridge,berridgej8@so-net.ne.jp,Genderqueer,160.47.43.97,false
694,Crichton,Pohlke,cpohlkej9@loc.gov,Male,118.183.163.161,true
695,Claire,Dorney,cdorneyja@google.pl,Male,51.124.79.172,false
696,Jacquenetta,Fawdery,jfawderyjb@ihg.com,Female,167.216.144.196,false
697,Odo,Adlington,oadlingtonjc@youtu.be,Male,39.205.104.199,false
698,Hermia,Hafford,hhaffordjd@w3.org,Female,20.171.27.63,false
699,Ann-marie,Broschke,abroschkeje@blogspot.com,Female,245.190.6.207,false
700,Kaleb,Gartland,kgartlandjf@ihg.com,Male,166.219.17.160,false
701,Adan,Du Fray,adufrayjg@zdnet.com,Male,71.18.242.236,true
702,Arnuad,Bradburn,abradburnjh@artisteer.com,Male,159.201.10.112,false
703,Ramonda,Tokell,rtokellji@theatlantic.com,Female,76.81.200.101,false
704,Dominique,Dakhov,ddakhovjj@yellowpages.com,Male,210.19.32.89,false
705,Iolande,Cranton,icrantonjk@nsw.gov.au,Female,22.218.177.71,false
706,Rafaelia,Mc Corley,rmccorleyjl@joomla.org,Female,173.136.50.170,true
707,Maisie,Warlaw,mwarlawjm@google.com.br,Female,57.214.2.233,true
708,Geoffry,Origan,goriganjn@mtv.com,Male,19.230.91.130,true
709,Wes,Tench,wtenchjo@dagondesign.com,Male,209.31.141.190,true
710,Emylee,Umpleby,eumplebyjp@google.ru,Female,189.151.187.45,true
711,Gib,Burren,gburrenjq@quantcast.com,Male,27.3.78.247,true
712,Meara,De Caroli,mdecarolijr@facebook.com,Female,135.191.177.182,true
713,Marijn,Toffolo,mtoffolojs@t-online.de,Male,110.118.73.183,true
714,Glen,Rapley,grapleyjt@netscape.com,Male,157.122.38.138,true
715,Emlen,Nineham,eninehamju@ed.gov,Male,118.145.161.0,true
716,Ky,Lowder,klowderjv@dot.gov,Male,179.72.201.219,false
717,Randa,Stainburn,rstainburnjw@issuu.com,Female,96.172.124.69,true
718,Renaud,Warin,rwarinjx@g.co,Male,236.155.41.168,true
719,Base,Rist,bristjy@webmd.com,Male,78.231.20.118,true
720,Rolph,Bellefonte,rbellefontejz@tinypic.com,Male,225.121.50.183,false
721,Kanya,Pietraszek,kpietraszekk0@fotki.com,Female,164.241.45.65,false
722,Cedric,Ryton,crytonk1@hud.gov,Male,237.176.162.255,false
723,Chico,Liebermann,cliebermannk2@artisteer.com,Male,50.64.135.231,false
724,Lou,Northfield,lnorthfieldk3@icio.us,Female,220.50.198.209,false
725,Osborn,Bartolomieu,obartolomieuk4@csmonitor.com,Genderqueer,234.138.150.239,false
726,Charmine,McEvay,cmcevayk5@etsy.com,Female,181.222.14.248,true
727,Buddy,Targetter,btargetterk6@odnoklassniki.ru,Male,130.55.175.158,false
728,Teri,Trythall,ttrythallk7@bing.com,Female,120.179.228.78,false
729,Trumann,Rathke,trathkek8@liveinternet.ru,Male,127.148.125.150,true
730,Alric,Pocknoll,apocknollk9@naver.com,Male,19.205.246.30,false
731,Belia,Kempe,bkempeka@newyorker.com,Female,66.55.76.148,true
732,Maxie,Dunderdale,mdunderdalekb@twitpic.com,Genderqueer,87.59.236.39,true
733,Manny,Dallinder,mdallinderkc@i2i.jp,Male,136.126.253.99,true
734,Nola,BURWIN,nburwinkd@nydailynews.com,Female,59.123.240.129,true
735,Flossy,Brinsford,fbrinsfordke@uol.com.br,Female,134.226.168.143,true
736,Rosemonde,McGeraghty,rmcgeraghtykf@diigo.com,Female,53.117.140.25,false
737,Napoleon,Fawley,nfawleykg@google.com.br,Male,43.67.247.185,true
738,Ky,Willingale,kwillingalekh@unblog.fr,Male,38.71.57.61,true
739,Travus,Beldum,tbeldumki@blog.com,Male,121.242.53.42,false
740,Eduardo,Guterson,egutersonkj@phpbb.com,Male,65.211.252.227,true
741,Flossi,Scolding,fscoldingkk@xing.com,Female,133.76.187.39,true
742,Hobard,Pennuzzi,hpennuzzikl@si.edu,Male,233.153.142.21,true
743,Grace,Whitley,gwhitleykm@trellian.com,Male,25.198.155.189,true
744,Huntington,Duling,hdulingkn@blogs.com,Male,46.158.55.32,false
745,Lizzie,Gwyther,lgwytherko@amazon.co.jp,Female,244.238.249.124,true
746,Clem,Scarisbrick,cscarisbrickkp@marriott.com,Polygender,160.25.31.46,true
747,Cicely,McCutcheon,cmccutcheonkq@g.co,Female,50.41.68.83,true
748,Saba,Lofty,sloftykr@pen.io,Female,54.95.4.232,true
749,Seymour,James,sjamesks@rakuten.co.jp,Male,162.119.162.197,true
750,Maddi,Beeton,mbeetonkt@howstuffworks.com,Non-binary,250.6.47.61,true
751,Ceil,Edney,cedneyku@unc.edu,Polygender,27.76.45.130,true
752,Pierre,Leedes,pleedeskv@statcounter.com,Male,11.237.54.9,false
753,Oralia,Breckwell,obreckwellkw@chron.com,Female,165.26.248.101,true
754,Wendye,Michiel,wmichielkx@narod.ru,Female,85.107.12.103,false
755,Giovanni,Zuenelli,gzuenelliky@wufoo.com,Male,104.81.195.176,true
756,Valli,Plevin,vplevinkz@wiley.com,Female,34.50.174.50,true
757,Kirsteni,Icom,kicoml0@ucoz.ru,Female,112.43.243.80,false
758,Juliana,Klemencic,jklemencicl1@spotify.com,Female,57.163.14.253,true
759,Rachel,Caldecot,rcaldecotl2@desdev.cn,Female,181.105.156.212,false
760,Bonny,Issacson,bissacsonl3@cloudflare.com,Female,65.153.231.99,false
761,Grannie,Charity,gcharityl4@eepurl.com,Male,24.106.144.166,true
762,Elbert,Capelle,ecapellel5@army.mil,Male,186.170.134.16,false
763,Tedda,Lorrimer,tlorrimerl6@hud.gov,Female,172.151.59.173,true
764,Grant,Duffin,gduffinl7@youku.com,Male,17.239.115.145,false
765,Meta,Dixcee,mdixceel8@pen.io,Female,128.216.105.179,true
766,Dell,Fuidge,dfuidgel9@mapy.cz,Female,8.234.234.90,true
767,Hugo,Crannage,hcrannagela@mediafire.com,Male,245.28.219.203,true
768,Dot,Loakes,dloakeslb@sphinn.com,Female,220.63.255.74,false
769,Alvy,Grayston,agraystonlc@msu.edu,Male,201.120.211.115,false
770,Ulises,Marklew,umarklewld@epa.gov,Male,146.75.164.196,true
771,Ali,Schroeder,aschroederle@jigsy.com,Male,56.100.217.5,true
772,Tobias,Yakov,tyakovlf@ca.gov,Male,4.243.40.67,false
773,Aldous,Arnaudot,aarnaudotlg@unicef.org,Genderfluid,69.29.147.194,true
774,Joanie,Breeze,jbreezelh@reference.com,Female,185.78.79.190,true
775,Delmore,Hughlock,dhughlockli@pagesperso-orange.fr,Male,6.211.162.94,true
776,Vail,Northcliffe,vnorthcliffelj@is.gd,Male,37.240.141.239,false
777,Urbain,Smees,usmeeslk@sphinn.com,Male,70.181.90.50,true
778,Vincent,Alldread,valldreadll@redcross.org,Male,182.225.45.16,true
779,Dru,Stroud,dstroudlm@ebay.com,Male,101.241.35.67,false
780,Barby,Innott,binnottln@squarespace.com,Female,95.18.174.213,true
781,Maiga,Parrott,mparrottlo@mail.ru,Female,176.192.9.35,false
782,Yule,Prendergast,yprendergastlp@washingtonpost.com,Male,136.212.98.33,false
783,Annamarie,Mogey,amogeylq@marketwatch.com,Female,184.59.166.225,false
784,Bendix,Ginglell,bginglelllr@umn.edu,Male,160.197.123.117,false
785,Daisy,Hexum,dhexumls@networkadvertising.org,Non-binary,154.78.124.90,false
786,Rhys,Caress,rcaresslt@paypal.com,Male,254.254.182.66,false
787,Gael,Castanie,gcastanielu@bigcartel.com,Male,167.40.151.206,true
788,Brit,Waddington,bwaddingtonlv@drupal.org,Female,49.167.138.182,true
789,Jose,Jesteco,jjestecolw@loc.gov,Male,215.38.124.100,false
790,Sybil,Biggam,sbiggamlx@flavors.me,Female,186.98.136.241,true
791,Saxon,Coast,scoastly@wunderground.com,Non-binary,105.125.23.171,true
792,Eada,Toderi,etoderilz@shutterfly.com,Female,227.50.98.68,true
793,Marjy,Fullicks,mfullicksm0@nydailynews.com,Female,87.235.80.155,false
794,Gretal,Kohrs,gkohrsm1@google.nl,Female,115.251.219.149,true
795,Eilis,Eckert,eeckertm2@sciencedirect.com,Genderfluid,212.150.44.151,true
796,Helene,Southwick,hsouthwickm3@tinyurl.com,Female,158.64.165.76,true
797,Barnabe,MacGragh,bmacgraghm4@dion.ne.jp,Male,80.184.164.13,true
798,Agnese,Matisoff,amatisoffm5@bloglines.com,Polygender,192.101.225.193,true
799,Hyman,Rolf,hrolfm6@auda.org.au,Male,216.179.42.123,false
800,Arley,Gerrans,agerransm7@blogger.com,Male,115.196.144.54,false
801,Ambrosio,Waltering,awalteringm8@nyu.edu,Male,195.75.30.141,false
802,Jillie,Shiels,jshielsm9@mtv.com,Female,92.91.113.177,true
803,Rebekah,Inchboard,rinchboardma@time.com,Female,166.251.104.152,true
804,Antonie,Bowcock,abowcockmb@blog.com,Female,99.60.244.180,true
805,Hilda,Nassie,hnassiemc@github.com,Female,83.132.43.193,false
806,Marie-ann,Hallows,mhallowsmd@youku.com,Female,18.121.217.29,true
807,Juliana,Dallan,jdallanme@wiley.com,Female,61.97.57.176,true
808,Raynell,Sherratt,rsherrattmf@unicef.org,Female,98.34.22.220,false
809,Steffi,McGilvray,smcgilvraymg@moonfruit.com,Female,238.249.68.228,true
810,Gregg,Haspineall,ghaspineallmh@4shared.com,Male,11.29.48.194,true
811,Tucky,Larkcum,tlarkcummi@freewebs.com,Male,5.228.211.171,false
812,Stinky,Dienes,sdienesmj@icio.us,Male,79.250.166.230,false
813,Grace,Pughe,gpughemk@eventbrite.com,Female,31.14.228.140,false
814,Emmerich,Abel,eabelml@wikipedia.org,Male,169.18.93.159,true
815,Kenton,Schimon,kschimonmm@woothemes.com,Male,226.208.241.37,true
816,Brendis,Rattenberie,brattenberiemn@latimes.com,Male,141.220.77.249,true
817,Nealon,Taaffe,ntaaffemo@washington.edu,Male,74.40.78.204,true
818,Reggie,Merchant,rmerchantmp@vk.com,Male,32.33.47.194,true
819,Davy,Weaben,dweabenmq@epa.gov,Male,75.91.146.136,false
820,Gibb,Doag,gdoagmr@cdc.gov,Male,43.77.73.134,false
821,Terrel,Chitter,tchitterms@freewebs.com,Male,187.110.240.61,true
822,Alli,McKevin,amckevinmt@craigslist.org,Female,224.0.30.237,false
823,Ramon,Bontoft,rbontoftmu@ustream.tv,Genderqueer,154.54.81.96,true
824,Lewie,Gatsby,lgatsbymv@cnbc.com,Genderfluid,36.50.128.115,false
825,Ruggiero,Loakes,rloakesmw@cnet.com,Male,240.168.232.41,true
826,Suzi,Geoghegan,sgeogheganmx@dot.gov,Female,56.115.75.216,true
827,Elfrieda,Kettlestringes,ekettlestringesmy@freewebs.com,Female,237.208.192.129,true
828,Morty,Tarbett,mtarbettmz@usda.gov,Genderfluid,155.5.31.112,false
829,Gerrilee,Pillman,gpillmann0@php.net,Non-binary,165.193.159.162,false
830,Laurena,Theuss,ltheussn1@tiny.cc,Female,116.177.141.123,true
831,Larry,Tytterton,ltyttertonn2@sciencedaily.com,Male,39.175.133.126,false
832,Eugine,Biset,ebisetn3@chron.com,Female,135.64.184.240,true
833,Geri,Kornilyev,gkornilyevn4@ehow.com,Female,6.209.143.43,false
834,Hercules,Garratty,hgarrattyn5@plala.or.jp,Male,67.169.47.2,true
835,Elga,Beel,ebeeln6@jigsy.com,Female,234.170.23.241,true
836,Theo,Coom,tcoomn7@smh.com.au,Male,22.10.110.206,true
837,Mortie,Tanti,mtantin8@oracle.com,Male,212.96.153.123,true
838,Orland,Crutcher,ocrutchern9@patch.com,Male,255.104.245.9,true
839,Sancho,Rignall,srignallna@theatlantic.com,Male,11.155.114.248,false
840,Burk,McGinn,bmcginnnb@meetup.com,Male,177.229.46.49,false
841,Frazer,Bavin,fbavinnc@google.pl,Male,234.251.71.119,false
842,Bondie,Bangle,bbanglend@va.gov,Male,86.116.39.136,true
843,Derk,O'Mannion,domannionne@webnode.com,Male,120.117.128.109,true
844,Dietrich,Townend,dtownendnf@msn.com,Male,176.216.70.215,false
845,Daron,Garwood,dgarwoodng@wsj.com,Male,156.188.39.0,false
846,Prue,Barrowcliff,pbarrowcliffnh@intel.com,Female,248.199.244.147,false
847,Morgan,Holtham,mholthamni@ycombinator.com,Agender,241.129.107.7,false
848,Klaus,Coppo,kcopponj@vk.com,Male,118.238.45.188,true
849,Laureen,Batham,lbathamnk@wordpress.com,Genderfluid,4.214.224.255,false
850,Mellisent,Shearman,mshearmannl@tamu.edu,Female,164.92.218.206,false
851,Celene,Jager,cjagernm@woothemes.com,Female,210.244.18.144,true
852,Aubrie,Izkoveski,aizkoveskinn@google.ru,Agender,13.174.228.98,true
853,Cara,Deverock,cdeverockno@weibo.com,Female,174.50.197.255,true
854,Hyatt,Kurth,hkurthnp@squidoo.com,Male,183.35.57.80,true
855,Suzi,Crossthwaite,scrossthwaitenq@wordpress.org,Female,181.254.180.241,true
856,Michele,Asipenko,masipenkonr@google.fr,Female,195.168.147.65,false
857,Antonina,Wishart,awishartns@ox.ac.uk,Female,3.17.163.147,false
858,Esdras,Dane,edanent@lulu.com,Male,252.124.17.181,true
859,Lilias,Prujean,lprujeannu@fc2.com,Female,187.81.62.174,false
860,Frieda,Gennings,fgenningsnv@walmart.com,Female,109.142.78.125,false
861,Chaunce,Wilmot,cwilmotnw@zimbio.com,Male,122.165.146.139,false
862,Mahalia,Casbourne,mcasbournenx@icq.com,Female,132.230.216.5,true
863,Fransisco,Camus,fcamusny@bloglovin.com,Male,215.106.18.59,true
864,Art,Arington,aaringtonnz@github.com,Male,150.14.198.249,true
865,Ninon,Gammell,ngammello0@ox.ac.uk,Female,230.20.238.81,false
866,Broddy,Wannell,bwannello1@sitemeter.com,Male,190.202.93.95,false
867,Maximilianus,Barus,mbaruso2@samsung.com,Male,100.250.63.117,true
868,Brion,Dzeniskevich,bdzeniskevicho3@engadget.com,Male,100.236.102.15,false
869,Chev,Feavearyear,cfeavearyearo4@tinypic.com,Male,66.193.78.186,false
870,Benny,MacPeake,bmacpeakeo5@i2i.jp,Female,22.143.240.188,true
871,Teriann,Selvey,tselveyo6@si.edu,Female,48.9.201.236,false
872,Emmalee,Colloby,ecollobyo7@columbia.edu,Female,0.94.73.131,false
873,Sasha,Stucksbury,sstucksburyo8@bing.com,Female,232.109.138.161,false
874,Fifine,Barnsdale,fbarnsdaleo9@foxnews.com,Female,99.42.194.3,false
875,Kit,Studart,kstudartoa@mozilla.org,Male,171.182.189.112,false
876,Mano,Bolus,mbolusob@chicagotribune.com,Male,149.72.35.52,true
877,Cordie,Mee,cmeeoc@facebook.com,Male,239.223.121.191,true
878,Inesita,Sygroves,isygrovesod@vinaora.com,Female,44.42.213.96,true
879,Shermy,Piatkowski,spiatkowskioe@craigslist.org,Male,105.43.179.105,true
880,Oren,Steeples,osteeplesof@nbcnews.com,Male,223.244.13.105,true
881,Ryley,Haddrill,rhaddrillog@bandcamp.com,Male,180.211.135.234,false
882,Etienne,Wharin,ewharinoh@wp.com,Male,60.50.156.30,true
883,Leslie,Dreinan,ldreinanoi@reverbnation.com,Male,204.19.66.174,false
884,Nedda,Tiptaft,ntiptaftoj@webmd.com,Female,180.33.135.69,true
885,Cullan,Risbrough,crisbroughok@independent.co.uk,Male,100.17.45.147,false
886,Nathalie,Volette,nvoletteol@dedecms.com,Female,241.141.97.172,true
887,Land,Martyn,lmartynom@shutterfly.com,Male,68.35.190.101,false
888,Milly,Beed,mbeedon@liveinternet.ru,Female,5.19.250.58,false
889,Sara-ann,Grimolbie,sgrimolbieoo@devhub.com,Female,61.67.32.102,true
890,Gilda,Mulrooney,gmulrooneyop@elegantthemes.com,Female,40.80.39.159,false
891,Celestyna,Gottelier,cgottelieroq@google.com.br,Female,70.112.222.50,false
892,Laney,De Hoogh,ldehooghor@disqus.com,Female,225.95.184.117,true
893,Garry,Boorman,gboormanos@comsenz.com,Male,110.183.223.113,false
894,Scotti,Braybrooks,sbraybrooksot@ebay.co.uk,Male,183.167.184.134,true
895,Cyndie,Aughton,caughtonou@exblog.jp,Female,67.60.28.45,true
896,Norrie,Callington,ncallingtonov@xing.com,Female,106.231.27.93,false
897,Crystie,McIlharga,cmcilhargaow@deviantart.com,Female,98.150.18.166,true
898,Burk,Shallcross,bshallcrossox@google.ru,Male,224.182.235.146,true
899,Ware,Duffitt,wduffittoy@ameblo.jp,Male,3.202.235.231,true
900,Burch,Vondrasek,bvondrasekoz@theatlantic.com,Male,160.195.82.70,true
901,Jamal,Warder,jwarderp0@furl.net,Polygender,155.39.25.151,true
902,Diane,Hayselden,dhayseldenp1@cnn.com,Female,120.136.255.196,true
903,Larry,Warlock,lwarlockp2@bbc.co.uk,Male,24.146.28.204,true
904,Melina,Pallas,mpallasp3@storify.com,Agender,36.240.153.252,false
905,Dallis,Hinkensen,dhinkensenp4@cbc.ca,Male,33.222.140.171,true
906,Darby,Sturzaker,dsturzakerp5@techcrunch.com,Female,244.221.8.80,false
907,Quinn,McKinless,qmckinlessp6@cyberchimps.com,Male,203.152.65.196,true
908,Orsa,Woofenden,owoofendenp7@ucoz.com,Female,232.195.157.100,false
909,Cheryl,Pinar,cpinarp8@dedecms.com,Female,10.98.212.225,true
910,Ardys,Ellam,aellamp9@eventbrite.com,Female,247.32.38.106,false
911,Free,Stather,fstatherpa@purevolume.com,Male,41.64.228.173,true
912,Mahmud,O'Collopy,mocollopypb@meetup.com,Male,4.135.194.177,true
913,Levin,Wolstencroft,lwolstencroftpc@mediafire.com,Male,154.122.239.232,false
914,Frasier,Lorimer,florimerpd@macromedia.com,Male,5.120.21.114,true
915,Fredek,Spencelayh,fspencelayhpe@mail.ru,Male,14.138.248.248,false
916,Martin,Bambury,mbamburypf@cpanel.net,Male,252.68.15.88,true
917,Holt,Stonestreet,hstonestreetpg@whitehouse.gov,Male,153.195.67.104,true
918,Roth,Twidell,rtwidellph@ox.ac.uk,Male,119.103.166.216,true
919,Sawyer,Pozer,spozerpi@chron.com,Male,185.0.82.236,false
920,Stefania,McGillecole,smcgillecolepj@simplemachines.org,Female,137.208.222.255,false
921,Kalila,Cavendish,kcavendishpk@spiegel.de,Female,100.190.126.36,false
922,Lazarus,Burnhard,lburnhardpl@arstechnica.com,Male,125.43.199.232,false
923,Roxine,Scales,rscalespm@ihg.com,Female,143.73.254.188,true
924,Kevin,Huxster,khuxsterpn@smugmug.com,Male,4.164.105.247,true
925,Cortney,Delwater,cdelwaterpo@woothemes.com,Female,236.16.145.43,true
926,Nicky,Ben,nbenpp@liveinternet.ru,Female,111.58.52.40,false
927,Llewellyn,Temperley,ltemperleypq@gravatar.com,Male,138.155.158.250,true
928,Kingsley,Eeles,keelespr@mlb.com,Male,2.2.140.38,false
929,Kirsti,Vondrys,kvondrysps@ask.com,Female,180.201.68.151,true
930,Katherine,Schultz,kschultzpt@free.fr,Female,60.220.141.35,true
931,Enid,Florentine,eflorentinepu@pagesperso-orange.fr,Female,99.100.205.73,true
932,Randy,Meah,rmeahpv@instagram.com,Female,112.6.65.81,false
933,Lindi,Hilhouse,lhilhousepw@army.mil,Female,223.192.8.96,true
934,Babs,Smithen,bsmithenpx@360.cn,Female,229.206.148.253,false
935,Tybi,Garard,tgarardpy@joomla.org,Female,109.6.235.48,true
936,Constancy,Carous,ccarouspz@upenn.edu,Female,219.22.140.112,true
937,Kelsey,Assur,kassurq0@ezinearticles.com,Female,114.151.74.166,false
938,Oby,Lorence,olorenceq1@columbia.edu,Male,223.119.70.249,true
939,Mattie,Pallin,mpallinq2@infoseek.co.jp,Male,33.170.141.208,false
940,Urban,Gildersleaves,ugildersleavesq3@howstuffworks.com,Genderfluid,185.175.194.100,false
941,Tara,Killby,tkillbyq4@timesonline.co.uk,Female,17.132.10.230,true
942,Roderich,Stride,rstrideq5@cam.ac.uk,Male,98.48.231.195,false
943,Zerk,Chivers,zchiversq6@blinklist.com,Male,201.23.198.78,false
944,Odell,Angrave,oangraveq7@macromedia.com,Male,18.246.43.163,false
945,Nike,Flippen,nflippenq8@berkeley.edu,Female,238.203.214.245,false
946,Leonore,Toffel,ltoffelq9@nationalgeographic.com,Female,156.148.171.161,true
947,Joscelin,Kerford,jkerfordqa@microsoft.com,Female,128.19.109.233,false
948,Sylvia,Riteley,sriteleyqb@liveinternet.ru,Female,185.185.195.141,true
949,Costa,Endon,cendonqc@reddit.com,Male,217.80.116.137,false
950,Danika,Wilde,dwildeqd@google.cn,Genderqueer,18.28.252.190,true
951,Katina,Ferraro,kferraroqe@plala.or.jp,Genderfluid,246.246.111.189,false
952,Benita,Vondruska,bvondruskaqf@springer.com,Female,122.134.153.87,true
953,Bennie,Avrahamof,bavrahamofqg@sciencedirect.com,Female,226.8.104.178,false
954,Farley,Livermore,flivermoreqh@github.com,Male,192.6.124.128,true
955,Emiline,Clery,ecleryqi@slideshare.net,Female,46.55.163.76,true
956,Olva,Haseldine,ohaseldineqj@soundcloud.com,Female,58.127.161.65,true
957,Lars,Valerius,lvaleriusqk@qq.com,Male,40.6.11.146,false
958,Alvie,Olenov,aolenovql@tamu.edu,Male,242.214.230.107,false
959,Zeb,Emeney,zemeneyqm@shop-pro.jp,Male,76.87.68.33,false
960,Ev,Jennemann,ejennemannqn@prnewswire.com,Non-binary,137.20.116.23,true
961,Stavros,Van Arsdall,svanarsdallqo@over-blog.com,Male,80.29.66.69,true
962,Ric,Kerr,rkerrqp@go.com,Genderqueer,105.46.164.28,true
963,Prudy,Ben,pbenqq@unicef.org,Female,234.127.253.243,true
964,Keith,Bufton,kbuftonqr@scribd.com,Male,6.41.151.174,false
965,Cirstoforo,Skerrett,cskerrettqs@shop-pro.jp,Male,108.212.145.114,true
966,Giuseppe,Kenneway,gkennewayqt@opera.com,Male,159.148.79.66,false
967,Rozalin,Buckeridge,rbuckeridgequ@so-net.ne.jp,Female,127.37.84.102,true
968,Bentley,Ugoni,bugoniqv@goo.gl,Male,77.77.69.222,false
969,Danni,Shields,dshieldsqw@yale.edu,Female,158.89.158.231,true
970,Kain,Bridgeland,kbridgelandqx@blinklist.com,Male,169.26.18.197,true
971,Livia,Sivewright,lsivewrightqy@chronoengine.com,Female,252.163.64.78,true
972,Edgardo,Benmore,ebenmoreqz@jiathis.com,Male,121.137.108.43,true
973,Carrissa,Langley,clangleyr0@wikispaces.com,Polygender,172.107.174.204,true
974,Torrance,Gecks,tgecksr1@chronoengine.com,Male,30.22.22.54,true
975,Adiana,Janny,ajannyr2@google.ru,Female,212.212.0.232,false
976,Lancelot,Cadwaladr,lcadwaladrr3@constantcontact.com,Male,128.137.168.239,false
977,Gradeigh,Petrushka,gpetrushkar4@vk.com,Male,147.39.156.142,true
978,Nicola,Roke,nroker5@boston.com,Female,127.228.58.185,true
979,Rod,Baggelley,rbaggelleyr6@goo.gl,Male,21.139.88.148,true
980,Shurlock,Wrightam,swrightamr7@cnbc.com,Male,162.98.208.21,true
981,Karrah,Phython,kphythonr8@intel.com,Female,238.202.62.189,true
982,Dotti,Hovel,dhovelr9@jimdo.com,Female,49.107.230.12,false
983,Fletcher,Nutton,fnuttonra@upenn.edu,Male,251.30.153.178,true
984,Nathalia,Doudny,ndoudnyrb@state.gov,Female,98.244.50.161,true
985,Rosabel,Kilian,rkilianrc@sfgate.com,Bigender,232.196.12.7,false
986,Margery,Polkinghorne,mpolkinghornerd@issuu.com,Female,23.165.136.76,false
987,Sloane,Kettleson,skettlesonre@ehow.com,Male,69.7.96.107,true
988,Giffy,Berni,gbernirf@forbes.com,Male,28.168.248.42,false
989,Lind,Selwin,lselwinrg@google.co.jp,Male,198.145.21.197,false
990,Ephrayim,Mochar,emocharrh@huffingtonpost.com,Male,251.40.179.56,false
991,Mattias,Guite,mguiteri@globo.com,Non-binary,163.73.32.171,false
992,Reta,Bamlett,rbamlettrj@gnu.org,Female,171.20.129.104,false
993,Karl,Craghead,kcragheadrk@chronoengine.com,Male,10.69.7.16,false
994,Kelbee,Carp,kcarprl@discovery.com,Male,131.13.141.190,true
995,Kincaid,Mallia,kmalliarm@irs.gov,Male,124.134.161.130,false
996,Terencio,Niece,tniecern@quantcast.com,Male,106.131.25.150,true
997,Dennie,Folcarelli,dfolcarelliro@google.com.br,Male,124.109.105.54,false
998,Malchy,Rumin,mruminrp@bravesites.com,Male,43.194.139.34,true
999,Zachery,Allix,zallixrq@hatena.ne.jp,Male,19.207.10.106,true
1000,Adriaens,Chillistone,achillistonerr@dyndns.org,Female,114.75.73.90,false
