1,Liliane,Sandford,lsandford0@adobe.com,Female,113.157.108.49,false
2,Ronnica,Risely,rrisely1@techcrunch.com,Female,199.220.165.233,false
3,Romeo,Tetla,rtetla2@cdc.gov,Male,21.52.110.80,true
4,Barris,Magee,bmagee3@netvibes.com,Male,230.37.126.128,false
5,Devin,Roser,droser4@addtoany.com,Male,142.208.213.124,true
6,West,Studde,wstudde5@adobe.com,Male,46.181.17.93,true
7,Gaelan,Hannigane,ghannigane6@google.co.jp,Agender,38.3.202.58,true
8,Ailis,Arrington,aarrington7@japanpost.jp,Female,18.60.91.225,false
9,Boy,Andrin,bandrin8@adobe.com,Male,99.252.60.179,true
10,Corliss,Adamsky,cadamsky9@ovh.net,Female,129.226.112.186,false
11,Nahum,Kleinstern,nkleinsterna@tinyurl.com,Male,156.217.236.241,false
12,Murial,Gendricke,mgendrickeb@cmu.edu,Female,210.53.182.15,true
13,Victoria,Allmen,vallmenc@independent.co.uk,Female,1.185.12.238,true
14,Joby,Devanny,jdevannyd@constantcontact.com,Female,35.175.67.2,false
15,Thadeus,Bull,tbulle@netvibes.com,Male,19.200.126.46,false
16,Ealasaid,Walkden,ewalkdenf@lulu.com,Female,21.162.214.218,true
17,April,Dallmann,adallmanng@sourceforge.net,Female,144.158.79.228,true
18,Cole,Eddie,ceddieh@unc.edu,Male,24.40.221.42,true
19,Gwendolyn,Challens,gchallensi@time.com,Female,144.40.189.136,true
20,Stoddard,Peagrim,speagrimj@biglobe.ne.jp,Genderqueer,209.154.81.59,true
21,Cissy,Grunwald,cgrunwaldk@topsy.com,Female,99.104.33.6,true
22,Gib,Botfield,gbotfieldl@jimdo.com,Male,245.255.7.193,true
23,Christean,Enright,cenrightm@smugmug.com,Female,168.253.168.11,true
24,Elyssa,Mitford,emitfordn@baidu.com,Female,91.1.125.63,true
25,Lina,Ziemsen,lziemseno@weebly.com,Female,165.96.236.185,true
26,Raffarty,Borborough,rborboroughp@about.com,Male,158.103.8.248,false
27,Ulrich,Bigby,ubigbyq@cargocollective.com,Male,133.250.128.165,true
28,Morena,Duesberry,mduesberryr@cocolog-nifty.com,Female,148.39.28.22,true
29,Ina,Lothean,ilotheans@amazonaws.com,Female,182.183.55.37,false
30,Vitoria,Kavanagh,vkavanaght@aol.com,Female,174.48.12.204,false
31,Adda,Bangs,abangsu@usda.gov,Female,89.23.54.5,true
32,Millie,Cantera,mcanterav@nationalgeographic.com,Female,197.202.57.206,false
33,Artus,Bratty,abrattyw@rediff.com,Male,23.85.65.249,true
34,Boniface,Isgate,bisgatex@friendfeed.com,Male,44.72.156.135,true
35,Matilde,Stanman,mstanmany@angelfire.com,Female,135.27.53.57,false
36,Davidde,Antoszczyk,dantoszczykz@skype.com,Male,2.81.234.159,false
37,Noah,Surfleet,nsurfleet10@g.co,Male,74.212.14.114,false
38,Fielding,Dymidowicz,fdymidowicz11@marketwatch.com,Male,137.16.99.210,true
39,Michell,Ogers,mogers12@psu.edu,Female,99.95.255.58,false
40,Naoma,Woodgate,nwoodgate13@bloglines.com,Genderfluid,55.128.70.107,true
41,Carie,Aloshkin,caloshkin14@china.com.cn,Female,94.43.1.66,true
42,Langsdon,Arnason,larnason15@smugmug.com,Male,202.32.54.14,true
43,Fairfax,Matzen,fmatzen16@jigsy.com,Male,53.243.192.147,true
44,Hewett,Carmel,hcarmel17@linkedin.com,Male,238.8.115.143,true
45,Susette,Llewelyn,sllewelyn18@timesonline.co.uk,Female,149.108.200.167,true
46,Zeb,Belly,zbelly19@apache.org,Male,178.7.176.197,true
47,Esteban,Marley,emarley1a@ovh.net,Male,203.148.107.114,false
48,Maurits,Tripney,mtripney1b@jigsy.com,Male,69.214.85.209,false
49,Danna,Ormrod,dormrod1c@stanford.edu,Female,231.114.142.62,false
50,Danette,Feasby,dfeasby1d@wiley.com,Female,15.8.204.119,false
51,Nolana,Kobel,nkobel1e@ftc.gov,Female,3.182.228.83,false
52,Axel,Cuffe,acuffe1f@prlog.org,Male,204.19.14.64,false
53,Geoffrey,Burditt,gburditt1g@reddit.com,Male,60.253.245.182,true
54,Bentlee,Ciabatteri,bciabatteri1h@linkedin.com,Male,151.225.160.136,false
55,Purcell,Daily,pdaily1i@flickr.com,Male,166.101.12.217,true
56,Norene,Martindale,nmartindale1j@utexas.edu,Female,199.115.28.254,true
57,Amery,Launchbury,alaunchbury1k@china.com.cn,Non-binary,212.161.199.191,true
58,Matty,Porson,mporson1l@ezinearticles.com,Female,170.3.168.202,false
59,Casey,Rimington,crimington1m@miitbeian.gov.cn,Male,110.172.226.153,false
60,Valaria,Drury,vdrury1n@phpbb.com,Female,43.210.227.207,false
61,Petr,Bang,pbang1o@time.com,Male,51.0.113.194,false
62,Denis,Woliter,dwoliter1p@de.vu,Male,155.48.14.84,true
63,Merrile,Haldon,mhaldon1q@yelp.com,Female,64.187.2.99,false
64,Donavon,Kamen,dkamen1r@epa.gov,Male,207.74.125.255,true
65,Bili,Wilkerson,bwilkerson1s@umich.edu,Female,73.189.156.2,true
66,Ric,Allsebrook,rallsebrook1t@tinypic.com,Male,79.145.87.103,true
67,Birgit,Rosten,brosten1u@geocities.jp,Female,182.107.161.175,true
68,Frederick,Stinchcombe,fstinchcombe1v@yolasite.com,Genderqueer,57.1.56.100,true
69,Merla,Symon,msymon1w@yolasite.com,Female,110.216.3.49,true
70,Dwain,Brownhall,dbrownhall1x@stumbleupon.com,Male,253.241.165.104,true
71,Egan,Ruegg,eruegg1y@cbslocal.com,Male,146.193.1.254,false
72,Darnall,Pfeffer,dpfeffer1z@ebay.com,Bigender,14.187.22.22,false
73,Vinni,Spondley,vspondley20@techcrunch.com,Female,65.242.109.218,true
74,Beniamino,Bremeyer,bbremeyer21@surveymonkey.com,Male,203.141.153.235,true
75,Page,Dunne,pdunne22@yolasite.com,Female,58.18.51.115,false
76,Beryle,Thatcher,bthatcher23@newsvine.com,Female,214.206.99.252,false
77,Giorgi,Sharpley,gsharpley24@virginia.edu,Male,138.51.81.250,false
78,Jesse,Cammis,jcammis25@pcworld.com,Female,83.234.29.101,true
79,Guglielmo,Beamont,gbeamont26@discuz.net,Male,207.237.166.22,true
80,Parker,Cottee,pcottee27@xinhuanet.com,Male,213.31.238.23,false
81,Constancy,Spurdens,cspurdens28@about.me,Female,98.186.247.148,true
82,Kylie,Ackenhead,kackenhead29@blogtalkradio.com,Male,123.179.133.26,false
83,Kanya,Loughton,kloughton2a@wix.com,Female,92.173.183.18,true
84,Hilly,Ollis,hollis2b@wordpress.org,Male,182.146.186.210,false
85,Lawton,Dine-Hart,ldinehart2c@dagondesign.com,Male,217.252.241.198,false
86,Devonne,Clegg,dclegg2d@apache.org,Female,100.48.39.58,true
87,Anderson,Cassar,acassar2e@plala.or.jp,Male,75.129.142.62,false
88,Byran,Ollander,bollander2f@github.com,Male,59.90.15.101,false
89,Kora,Ainscough,kainscough2g@usa.gov,Non-binary,219.55.192.218,false
90,Schuyler,Capp,scapp2h@netscape.com,Male,213.183.11.122,false
91,Tatiana,Woonton,twoonton2i@sun.com,Female,18.118.93.61,true
92,Tomasina,McAllaster,tmcallaster2j@yahoo.com,Female,221.137.25.114,true
93,Kyle,Warby,kwarby2k@twitpic.com,Male,174.58.84.122,false
94,Nevin,O'Fairy,nofairy2l@about.me,Male,46.46.162.122,true
95,Logan,Peace,lpeace2m@intel.com,Male,124.65.112.62,false
96,Saidee,Hannaway,shannaway2n@chronoengine.com,Female,123.82.149.78,false
97,Liz,Buchett,lbuchett2o@nih.gov,Female,28.49.118.110,false
98,Rodrique,Heathfield,rheathfield2p@nih.gov,Bigender,104.168.36.42,false
99,Jocelyn,MacKeig,jmackeig2q@pinterest.com,Female,100.181.194.32,true
100,John,Coughlan,jcoughlan2r@si.edu,Male,53.181.113.254,true
101,Audrie,Loghan,aloghan2s@mysql.com,Female,55.244.79.61,true
102,Tonia,Stopps,tstopps2t@t.co,Female,139.24.209.239,false
103,Raven,Reeder,rreeder2u@tumblr.com,Genderfluid,10.129.246.160,true
104,Darb,Lecky,dlecky2v@nyu.edu,Male,14.98.242.220,true
105,Kendrick,Wellman,kwellman2w@time.com,Male,226.58.193.179,false
106,Agata,Cleaveland,acleaveland2x@infoseek.co.jp,Female,179.159.195.167,false
107,Celestyn,McKiernan,cmckiernan2y@wufoo.com,Female,120.173.91.39,true
108,Audre,Soda,asoda2z@addtoany.com,Female,114.134.72.238,true
109,Randa,Kellen,rkellen30@w3.org,Genderqueer,245.248.86.188,false
110,Averil,Smithies,asmithies31@miitbeian.gov.cn,Male,72.174.1.34,false
111,Geordie,Kerbey,gkerbey32@yahoo.com,Male,197.20.93.13,true
112,Hortensia,Afonso,hafonso33@constantcontact.com,Female,78.203.205.34,false
113,Barth,Lehon,blehon34@google.cn,Male,42.121.16.150,true
114,Maud,Belch,mbelch35@businesswire.com,Female,193.4.162.34,true
115,Keelby,Dugmore,kdugmore36@vistaprint.com,Male,131.90.92.189,true
116,Cal,Farn,cfarn37@latimes.com,Male,72.252.8.35,true
117,Alric,Brazenor,abrazenor38@yelp.com,Male,31.142.135.24,true
118,Maia,Moye,mmoye39@ucsd.edu,Female,40.35.100.232,false
119,Ainslee,Porter,aporter3a@mac.com,Female,101.178.84.236,true
120,Norine,Biaggioni,nbiaggioni3b@ebay.com,Female,145.98.201.170,true
121,Elicia,Storres,estorres3c@shop-pro.jp,Female,250.238.229.156,true
122,Mechelle,Reck,mreck3d@issuu.com,Female,249.107.5.162,false
123,Morgan,Baseke,mbaseke3e@google.fr,Bigender,43.64.177.44,true
124,Kimble,Hayhow,khayhow3f@nps.gov,Male,232.129.69.118,false
125,Jackie,Lande,jlande3g@t.co,Male,99.3.31.80,false
126,Mercy,Harower,mharower3h@nbcnews.com,Female,52.216.114.211,true
127,Jenny,Czajka,jczajka3i@slate.com,Female,169.205.217.46,false
128,Lorelei,McGaugie,lmcgaugie3j@odnoklassniki.ru,Female,44.216.49.132,false
129,Lazarus,Conklin,lconklin3k@yellowbook.com,Male,93.91.247.69,false
130,Joelie,Ludvigsen,jludvigsen3l@newyorker.com,Female,65.21.26.245,false
131,Peterus,Coggings,pcoggings3m@sbwire.com,Male,161.9.216.62,false
132,Putnam,Castaneda,pcastaneda3n@weather.com,Bigender,25.244.251.63,false
133,Kathleen,Huntall,khuntall3o@ameblo.jp,Female,163.252.254.150,false
134,Delia,Dansken,ddansken3p@scribd.com,Female,185.80.168.163,true
135,Sanderson,Wildbore,swildbore3q@goo.ne.jp,Male,7.120.131.10,true
136,Nye,Gummery,ngummery3r@ucla.edu,Polygender,13.8.204.234,true
137,Cornell,Fosten,cfosten3s@ning.com,Male,139.158.93.130,false
138,Doti,Will,dwill3t@google.fr,Female,76.11.86.132,false
139,Klement,Spon,kspon3u@squidoo.com,Male,92.69.160.198,false
140,Cob,Mation,cmation3v@woothemes.com,Male,36.250.49.210,true
141,Tamiko,McGettigan,tmcgettigan3w@cdc.gov,Female,56.246.57.225,true
142,Ola,Boakes,oboakes3x@squidoo.com,Agender,246.126.4.248,true
143,Ilaire,Bonifazio,ibonifazio3y@multiply.com,Male,163.77.207.118,false
144,Nicolais,Chartman,nchartman3z@jigsy.com,Male,155.131.131.239,false
145,Florance,Majury,fmajury40@naver.com,Female,213.37.159.116,false
146,Hurleigh,Yitzovicz,hyitzovicz41@lycos.com,Male,206.57.92.229,false
147,Shermy,Rowesby,srowesby42@yandex.ru,Male,247.84.180.22,false
148,Paul,Coppledike,pcoppledike43@omniture.com,Bigender,12.152.222.225,false
149,Diandra,Van Oord,dvanoord44@ow.ly,Female,50.133.198.132,false
150,Marybeth,Donovin,mdonovin45@noaa.gov,Female,125.110.0.201,true
151,Conchita,Keeney,ckeeney46@twitpic.com,Female,147.186.169.37,false
152,Sarena,Mouncey,smouncey47@statcounter.com,Female,112.13.41.212,true
153,Stavros,Skewes,sskewes48@nba.com,Male,43.70.239.159,true
154,Richie,St. Quintin,rstquintin49@purevolume.com,Male,145.4.207.143,true
155,Mendy,Teodori,mteodori4a@tiny.cc,Male,214.107.90.217,true
156,Andrea,Patrone,apatrone4b@feedburner.com,Female,20.198.109.209,false
157,Raimund,Shilliday,rshilliday4c@tinyurl.com,Male,23.131.212.249,true
158,Bendick,Moorhouse,bmoorhouse4d@amazonaws.com,Male,213.23.38.149,false
159,Ethe,Loveguard,eloveguard4e@pen.io,Male,130.168.133.209,true
160,Christiano,Talman,ctalman4f@desdev.cn,Male,131.74.208.58,true
161,Kaja,Manach,kmanach4g@squarespace.com,Female,75.208.236.213,true
162,Shanie,Pohl,spohl4h@examiner.com,Female,253.113.79.20,true
163,Otis,Abramovici,oabramovici4i@engadget.com,Male,50.14.95.107,true
164,Angelico,Carwithim,acarwithim4j@businessweek.com,Male,244.1.56.193,false
165,Packston,Harradine,pharradine4k@ucsd.edu,Male,211.40.55.92,true
166,Denney,Allicock,dallicock4l@hao123.com,Male,119.52.211.164,true
167,Freddie,Condy,fcondy4m@exblog.jp,Bigender,201.220.230.207,false
168,Barnard,Canape,bcanape4n@twitpic.com,Male,254.45.24.159,true
169,Ruthe,Esel,resel4o@google.pl,Female,39.89.244.81,false
170,Keely,Bram,kbram4p@sourceforge.net,Female,0.32.40.6,true
171,Tilda,Gunter,tgunter4q@myspace.com,Female,252.246.213.57,true
172,Daffy,Duer,dduer4r@ihg.com,Female,255.139.15.135,true
173,Vevay,McKay,vmckay4s@ovh.net,Female,215.120.120.197,false
174,Sasha,Cabral,scabral4t@hc360.com,Male,74.75.133.211,false
175,Dorolisa,Scrigmour,dscrigmour4u@house.gov,Female,236.27.144.155,false
176,Matias,Fruish,mfruish4v@bluehost.com,Male,150.206.219.165,false
177,Heath,Dahlgren,hdahlgren4w@jalbum.net,Male,113.119.137.81,false
178,Saleem,Kwietek,skwietek4x@nsw.gov.au,Male,210.136.112.185,false
179,Michale,Northover,mnorthover4y@slashdot.org,Male,244.17.5.50,false
180,Ulysses,Szymaniak,uszymaniak4z@sciencedirect.com,Male,252.240.19.190,false
181,Jo-anne,Osanne,josanne50@godaddy.com,Female,66.25.42.3,true
182,Brandea,Coram,bcoram51@meetup.com,Polygender,216.180.64.143,false
183,Donalt,Stichall,dstichall52@washingtonpost.com,Male,196.122.77.93,true
184,Milissent,Vodden,mvodden53@tripadvisor.com,Female,81.27.149.234,true
185,Torrin,Dicker,tdicker54@vk.com,Male,213.140.10.97,true
186,Gerianne,Switsur,gswitsur55@hubpages.com,Female,191.248.9.202,false
187,Briant,Hubbocks,bhubbocks56@i2i.jp,Male,127.106.247.225,false
188,Ame,Schneidar,aschneidar57@latimes.com,Female,57.222.23.168,true
189,Shauna,Tawton,stawton58@msu.edu,Female,234.182.149.99,true
190,Fons,Delue,fdelue59@google.ru,Male,97.66.206.202,false
191,Monroe,Shillaker,mshillaker5a@google.com.br,Male,229.2.96.60,true
192,Ivor,Berthomieu,iberthomieu5b@istockphoto.com,Agender,238.48.202.2,false
193,Jess,Haddleton,jhaddleton5c@google.de,Male,197.57.4.151,false
194,Marjory,Smallcombe,msmallcombe5d@wp.com,Female,208.145.16.116,false
195,Barry,Forkan,bforkan5e@stanford.edu,Genderqueer,110.154.189.178,false
196,Min,Dachs,mdachs5f@usa.gov,Female,170.213.195.135,true
197,Alanson,Durber,adurber5g@latimes.com,Male,69.255.180.45,false
198,Fannie,Merrick,fmerrick5h@boston.com,Bigender,80.43.114.82,false
199,Knox,Alp,kalp5i@soundcloud.com,Male,62.241.216.184,false
200,Marlo,Audiss,maudiss5j@tamu.edu,Male,233.32.14.148,true
201,Cristie,Hubback,chubback5k@epa.gov,Female,23.7.232.104,false
202,Binni,Jacques,bjacques5l@icq.com,Female,112.214.93.131,true
203,Rolando,Velten,rvelten5m@vkontakte.ru,Male,167.69.163.181,true
204,Heywood,Strapp,hstrapp5n@marriott.com,Male,17.84.161.151,false
205,Leonie,Balffye,lbalffye5o@prweb.com,Female,144.152.102.133,false
206,Vick,McFadzean,vmcfadzean5p@facebook.com,Male,80.236.168.147,true
207,Ansel,Driscoll,adriscoll5q@umich.edu,Male,102.204.160.251,false
208,Ingunna,Sodory,isodory5r@goo.gl,Female,230.251.36.87,false
209,Viola,Siemons,vsiemons5s@latimes.com,Female,39.3.134.34,false
210,Ruggiero,McCobb,rmccobb5t@nih.gov,Male,51.63.170.166,true
211,Elsi,Fairburn,efairburn5u@hostgator.com,Female,171.83.136.60,true
212,Emmanuel,Brentnall,ebrentnall5v@goo.gl,Male,7.224.19.143,true
213,Donella,Paff,dpaff5w@biglobe.ne.jp,Female,16.90.107.9,true
214,Lillian,Fozzard,lfozzard5x@cnn.com,Female,216.11.236.4,false
215,Wernher,Zecchetti,wzecchetti5y@gnu.org,Male,197.24.70.119,true
216,Denise,Paireman,dpaireman5z@skype.com,Female,246.233.100.72,false
217,Aigneis,Medgewick,amedgewick60@bloglovin.com,Female,37.13.234.125,true
218,Nalani,Kennerknecht,nkennerknecht61@ovh.net,Female,75.32.198.207,false
219,Peder,Linebarger,plinebarger62@gmpg.org,Male,197.178.124.190,false
220,Angele,Ettritch,aettritch63@nifty.com,Female,111.136.125.161,false
221,Zola,Bartlam,zbartlam64@123-reg.co.uk,Polygender,80.98.20.35,false
222,Riordan,Lascell,rlascell65@scientificamerican.com,Male,73.174.203.210,true
223,Engracia,Latus,elatus66@theguardian.com,Female,156.212.138.184,false
224,Anna-diana,Jantet,ajantet67@paginegialle.it,Female,245.156.125.165,false
225,Errol,Farrall,efarrall68@meetup.com,Male,214.126.194.190,false
226,Josiah,Esherwood,jesherwood69@yandex.ru,Male,10.163.176.169,false
227,Ezra,Asplen,easplen6a@blogtalkradio.com,Male,55.100.45.43,true
228,Justina,Vella,jvella6b@mayoclinic.com,Female,119.85.99.47,true
229,Becki,Gianinotti,bgianinotti6c@ucla.edu,Female,199.200.203.210,true
230,Roda,Gosz,rgosz6d@ucsd.edu,Female,116.147.22.112,false
231,Andrea,La Croce,alacroce6e@histats.com,Female,120.168.87.185,true
232,Brianna,Grundy,bgrundy6f@marriott.com,Female,59.126.102.48,true
233,Iorgos,Goodfellowe,igoodfellowe6g@naver.com,Polygender,141.0.238.103,false
234,Cathe,Espinha,cespinha6h@uiuc.edu,Female,236.135.251.79,true
235,Ab,Mibourne,amibourne6i@edublogs.org,Male,32.62.143.150,true
236,Joshua,Spencelayh,jspencelayh6j@cbslocal.com,Male,170.215.85.120,true
237,Welsh,Ugolotti,wugolotti6k@nifty.com,Male,102.134.121.199,false
238,Bronnie,Nears,bnears6l@sitemeter.com,Male,36.233.77.76,false
239,Murielle,Secrett,msecrett6m@state.gov,Female,59.45.134.66,true
240,Adrian,Saville,asaville6n@upenn.edu,Female,107.38.225.132,false
241,Seana,Grizard,sgrizard6o@imageshack.us,Female,191.62.67.233,true
242,Loren,Hammill,lhammill6p@blogtalkradio.com,Male,11.216.42.193,true
243,Tamas,Bidewel,tbidewel6q@blogspot.com,Male,66.46.184.121,false
244,Godfrey,Aldington,galdington6r@constantcontact.com,Male,32.122.80.192,false
245,Emalee,Henrych,ehenrych6s@deliciousdays.com,Female,111.221.62.42,false
246,Joline,Streeten,jstreeten6t@bing.com,Polygender,241.215.210.53,false
247,Beverley,Bartkowiak,bbartkowiak6u@nih.gov,Non-binary,215.89.161.54,true
248,Celinka,Gelardi,cgelardi6v@ehow.com,Female,75.209.12.205,true
249,Joela,Bultitude,jbultitude6w@google.cn,Female,17.174.109.146,true
250,Jillian,Barnet,jbarnet6x@prweb.com,Female,58.25.143.125,false
251,Dugald,Collin,dcollin6y@about.me,Male,121.177.49.0,true
252,Othello,Order,oorder6z@shutterfly.com,Male,125.38.72.62,false
253,Marcel,Schouthede,mschouthede70@vkontakte.ru,Male,140.119.96.4,false
254,Joete,Taveriner,jtaveriner71@blogger.com,Female,247.246.187.13,false
255,George,Sherston,gsherston72@pinterest.com,Male,1.116.239.51,false
256,Edouard,Devin,edevin73@moonfruit.com,Male,130.110.184.8,false
257,Karl,Durrand,kdurrand74@businesswire.com,Male,84.242.242.217,true
258,Shirline,Vella,svella75@upenn.edu,Female,83.184.107.23,true
259,Carrissa,Begg,cbegg76@reuters.com,Female,226.123.129.92,false
260,Brittaney,Spacy,bspacy77@cnet.com,Female,192.110.109.231,false
261,Mikel,Bandy,mbandy78@i2i.jp,Male,181.42.47.51,true
262,Philly,Dener,pdener79@sourceforge.net,Female,185.242.144.109,false
263,Balduin,Chorley,bchorley7a@yandex.ru,Male,111.191.246.2,true
264,Mackenzie,Esom,mesom7b@instagram.com,Male,34.79.16.167,false
265,Bourke,Van Haeften,bvanhaeften7c@army.mil,Male,77.45.99.85,false
266,Reuven,Ticehurst,rticehurst7d@slashdot.org,Male,196.172.39.255,true
267,Gal,Tinker,gtinker7e@rambler.ru,Male,224.124.76.1,false
268,Ericka,Pratchett,epratchett7f@adobe.com,Female,134.60.221.75,true
269,Had,Willcox,hwillcox7g@nifty.com,Agender,142.160.189.24,false
270,Johnathan,Darlow,jdarlow7h@clickbank.net,Male,88.7.8.45,false
271,Eal,Dow,edow7i@acquirethisname.com,Male,178.5.105.75,true
272,Loreen,Ailmer,lailmer7j@live.com,Female,175.98.223.252,true
273,Beatriz,Clandillon,bclandillon7k@networkadvertising.org,Female,85.84.112.103,true
274,Nat,Burth,nburth7l@wikispaces.com,Female,223.74.248.31,false
275,Augie,Wegenen,awegenen7m@fotki.com,Male,160.157.43.221,true
276,Butch,Alywin,balywin7n@fema.gov,Male,23.82.48.194,false
277,Wake,Croall,wcroall7o@pinterest.com,Male,28.245.185.37,true
278,Sebastiano,Damerell,sdamerell7p@macromedia.com,Male,120.234.177.7,true
279,Olivia,Woodroofe,owoodroofe7q@de.vu,Female,4.38.15.211,true
280,Billi,McKernan,bmckernan7r@admin.ch,Female,25.139.165.218,false
281,Casar,Habbema,chabbema7s@prnewswire.com,Male,32.204.12.144,false
282,Angel,Croke,acroke7t@who.int,Male,54.53.72.170,true
283,Gregoor,Mumbeson,gmumbeson7u@wordpress.com,Polygender,182.29.25.58,false
284,Tait,Keirl,tkeirl7v@sun.com,Male,235.179.40.2,false
285,Othello,Byford,obyford7w@sina.com.cn,Male,8.11.235.21,true
286,Myca,McKinney,mmckinney7x@shareasale.com,Male,181.84.133.148,true
287,Avictor,Gajewski,agajewski7y@theglobeandmail.com,Male,31.73.50.101,false
288,Cecilia,Chazelas,cchazelas7z@livejournal.com,Female,36.158.52.106,false
289,Linn,Blaxeland,lblaxeland80@cdc.gov,Male,237.127.180.84,false
290,Brodie,Genge,bgenge81@nyu.edu,Male,196.235.96.80,true
291,Sadella,Christoforou,schristoforou82@bing.com,Female,207.37.191.222,false
292,Fernando,Adamsen,fadamsen83@e-recht24.de,Male,179.50.43.16,false
293,Feodor,Dwyer,fdwyer84@histats.com,Agender,104.109.94.120,false
294,Pietrek,Pasque,ppasque85@miibeian.gov.cn,Male,98.251.156.154,false
295,Elisa,Rosenstiel,erosenstiel86@time.com,Polygender,69.145.160.176,false
296,Wilhelmina,Whitlock,wwhitlock87@pinterest.com,Female,78.52.3.202,false
297,Brandtr,Samter,bsamter88@hud.gov,Male,42.178.43.129,true
298,Hagan,Storton,hstorton89@cbsnews.com,Male,11.49.162.14,true
299,Luciana,Scoyles,lscoyles8a@printfriendly.com,Female,242.86.56.247,false
300,Pavel,Kidder,pkidder8b@myspace.com,Non-binary,28.170.67.75,true
301,Alvan,Ambrose,aambrose8c@ft.com,Male,254.195.117.112,true
302,Nye,Portman,nportman8d@sohu.com,Male,117.47.229.211,true
303,Kesley,Offield,koffield8e@jiathis.com,Female,166.31.95.50,false
304,Danni,Wickenden,dwickenden8f@theatlantic.com,Female,45.136.150.101,false
305,Colet,Butterwick,cbutterwick8g@wunderground.com,Male,166.162.128.216,false
306,Pasquale,Linfoot,plinfoot8h@themeforest.net,Male,85.76.215.174,true
307,Toddie,Tabrett,ttabrett8i@spotify.com,Male,92.251.79.2,false
308,Lacie,Hogbin,lhogbin8j@xrea.com,Female,71.218.114.234,false
309,Neale,Stolworthy,nstolworthy8k@amazon.co.jp,Male,234.129.237.123,false
310,Janek,Leiden,jleiden8l@boston.com,Male,139.168.45.50,true
311,Amalee,Greensides,agreensides8m@diigo.com,Female,11.237.59.194,true
312,Rollie,Benting,rbenting8n@aol.com,Male,203.140.200.174,false
313,Clotilda,Greenly,cgreenly8o@bigcartel.com,Female,60.241.124.89,false
314,Ange,Applegarth,aapplegarth8p@mtv.com,Female,45.200.28.99,false
315,Noemi,Worsom,nworsom8q@adobe.com,Genderfluid,43.73.97.208,true
316,Christian,Wemm,cwemm8r@narod.ru,Male,60.155.209.177,true
317,Pierson,Djekic,pdjekic8s@msn.com,Male,37.199.90.82,true
318,Vinnie,Ping,vping8t@cargocollective.com,Male,188.69.117.142,false
319,Desirae,Ibbs,dibbs8u@usda.gov,Female,236.198.7.178,false
320,Ora,Pendle,opendle8v@vimeo.com,Female,162.244.180.152,true
321,Alexandre,Powton,apowton8w@gnu.org,Genderfluid,86.15.109.6,false
322,Ag,Anglin,aanglin8x@foxnews.com,Female,190.68.204.18,false
323,Ralph,Milan,rmilan8y@wordpress.com,Male,217.124.210.94,false
324,Miltie,Seiler,mseiler8z@freewebs.com,Male,206.138.62.62,false
325,Mortie,Martinot,mmartinot90@ycombinator.com,Male,67.4.233.226,false
326,Giulietta,Sedcole,gsedcole91@auda.org.au,Female,224.90.167.240,true
327,Ulric,Gilhooly,ugilhooly92@unesco.org,Male,95.47.241.135,true
328,Cassandry,Grisenthwaite,cgrisenthwaite93@eventbrite.com,Female,93.56.71.165,true
329,Vivianne,Monckton,vmonckton94@webmd.com,Female,249.62.228.150,true
330,Ezra,Arstingall,earstingall95@chicagotribune.com,Male,42.137.68.148,true
331,Felizio,Kinforth,fkinforth96@phoca.cz,Male,133.87.58.33,true
332,Kandy,Catling,kcatling97@sfgate.com,Female,77.128.151.219,true
333,Phillida,Fowlston,pfowlston98@quantcast.com,Female,189.143.221.20,false
334,Gretta,Goodwin,ggoodwin99@earthlink.net,Female,110.171.113.249,true
335,Freeman,Andrzej,fandrzej9a@surveymonkey.com,Male,164.182.154.56,true
336,Kerk,Peterken,kpeterken9b@newyorker.com,Male,253.17.106.131,true
337,Bethany,O'Hallihane,bohallihane9c@list-manage.com,Female,131.104.28.159,false
338,Bengt,Goodsall,bgoodsall9d@google.fr,Male,226.134.158.90,true
339,Claudian,Aysh,caysh9e@google.de,Male,97.142.7.210,false
340,Manya,Meckiff,mmeckiff9f@google.co.jp,Female,242.112.205.77,false
341,Keri,Adame,kadame9g@smh.com.au,Female,47.48.150.229,false
342,Savina,Leet,sleet9h@blogtalkradio.com,Female,102.221.55.134,true
343,Marlyn,Garth,mgarth9i@jalbum.net,Female,2.250.141.188,true
344,Ashlin,McTrustram,amctrustram9j@privacy.gov.au,Polygender,241.97.142.1,true
345,Gustavus,Anderton,ganderton9k@timesonline.co.uk,Male,86.244.178.128,false
346,Ricki,Ablewhite,rablewhite9l@whitehouse.gov,Male,129.71.91.251,false
347,Jeth,Powys,jpowys9m@bandcamp.com,Male,6.239.160.19,false
348,Dominica,Hedin,dhedin9n@skype.com,Female,225.215.207.55,true
349,Kayne,Summerrell,ksummerrell9o@ycombinator.com,Male,46.19.99.155,false
350,Jedediah,Pimblotte,jpimblotte9p@edublogs.org,Male,9.19.228.165,false
351,Hermon,Pressland,hpressland9q@foxnews.com,Male,207.84.37.204,true
352,Cleveland,Truter,ctruter9r@prlog.org,Male,180.213.95.62,true
353,Audrey,Hanlon,ahanlon9s@tripod.com,Female,18.0.223.3,true
354,Lucas,Amis,lamis9t@independent.co.uk,Male,191.108.255.33,false
355,Levin,Zywicki,lzywicki9u@foxnews.com,Male,164.117.159.245,false
356,Karlee,Lagneaux,klagneaux9v@statcounter.com,Female,60.178.53.95,false
357,Cacilie,Blodget,cblodget9w@squidoo.com,Female,49.220.239.138,true
358,Jacquelin,Kilmister,jkilmister9x@gmpg.org,Female,62.104.135.185,true
359,Tabor,Haddon,thaddon9y@dmoz.org,Male,153.4.207.241,false
360,Lloyd,Van Geffen,lvangeffen9z@weather.com,Male,53.174.101.75,true
361,Corette,Conville,cconvillea0@who.int,Female,71.174.72.91,false
362,Zollie,Lufkin,zlufkina1@netvibes.com,Male,93.171.231.228,false
363,Consolata,Northwood,cnorthwooda2@shutterfly.com,Female,52.76.104.80,false
364,Austen,Cawse,acawsea3@youtu.be,Male,92.212.104.93,true
365,Alvan,Bartosik,abartosika4@google.nl,Male,42.10.54.156,true
366,Heath,Yarker,hyarkera5@huffingtonpost.com,Genderfluid,65.216.208.18,false
367,Lenora,Nealy,lnealya6@is.gd,Female,125.186.120.151,true
368,Deanna,Walkingshaw,dwalkingshawa7@omniture.com,Female,173.229.6.233,true
369,Fleming,Sunners,fsunnersa8@themeforest.net,Male,155.30.121.224,true
370,Eli,Gillott,egillotta9@feedburner.com,Male,175.55.216.54,true
371,Wendeline,Orwin,worwinaa@vinaora.com,Bigender,96.30.238.47,true
372,Jefferey,Conant,jconantab@tripadvisor.com,Male,125.67.195.43,true
373,Gris,Inch,ginchac@dailymotion.com,Male,62.117.20.253,false
374,Trent,Hender,thenderad@google.pl,Male,102.132.198.139,true
375,Abby,Christopher,achristopherae@edublogs.org,Bigender,134.164.172.36,true
376,Corty,Hallwell,challwellaf@issuu.com,Male,191.216.200.226,true
377,Bridgette,Kinastan,bkinastanag@over-blog.com,Female,80.9.216.218,true
378,Otho,Romero,oromeroah@ucoz.com,Male,142.227.83.76,true
379,Dionysus,Lantuffe,dlantuffeai@columbia.edu,Male,231.227.136.159,false
380,Riobard,Dearnaly,rdearnalyaj@theglobeandmail.com,Male,95.247.246.189,false
381,Stefano,Neubigin,sneubiginak@wikia.com,Male,15.33.237.1,false
382,Virgilio,Gerran,vgerranal@myspace.com,Male,38.224.0.181,false
383,Way,McGee,wmcgeeam@jalbum.net,Male,132.135.123.12,false
384,Vincent,Satford,vsatfordan@google.cn,Bigender,170.172.154.35,false
385,Mikel,Draper,mdraperao@digg.com,Male,181.164.183.78,true
386,Martyn,Sikora,msikoraap@ed.gov,Genderqueer,93.138.7.198,true
387,Alexander,McKissack,amckissackaq@examiner.com,Male,247.227.173.22,false
388,Nadine,Manicom,nmanicomar@ning.com,Female,15.60.94.159,false
389,Sutherlan,Heppner,sheppneras@digg.com,Male,185.92.201.156,false
390,Wiatt,Abrahart,wabrahartat@vk.com,Male,131.168.102.22,true
391,Rockie,Shedd,rsheddau@oakley.com,Male,81.138.91.115,false
392,Roland,Beasley,rbeasleyav@senate.gov,Male,25.222.230.103,false
393,Whitby,Swindall,wswindallaw@berkeley.edu,Male,235.214.95.93,true
394,Elsinore,Seargeant,eseargeantax@surveymonkey.com,Female,108.99.77.28,true
395,Coletta,Manginot,cmanginotay@a8.net,Female,84.167.90.161,false
396,Silvanus,Matyja,smatyjaaz@tinyurl.com,Male,138.204.138.3,false
397,Georgie,Westfield,gwestfieldb0@w3.org,Male,151.89.96.13,false
398,Clari,Skillett,cskillettb1@usda.gov,Female,102.219.103.228,false
399,Gualterio,Norcliffe,gnorcliffeb2@guardian.co.uk,Male,92.3.131.180,true
400,Darleen,MacGowan,dmacgowanb3@stanford.edu,Female,2.0.30.215,false
401,Kirstyn,Muckle,kmuckleb4@dedecms.com,Agender,86.251.129.107,true
402,Hammad,Allner,hallnerb5@squidoo.com,Male,91.107.170.22,false
403,Giffie,Munkley,gmunkleyb6@oracle.com,Male,24.46.138.15,true
404,Pavlov,Antonikov,pantonikovb7@unicef.org,Male,73.132.175.53,false
405,Lani,MacDougall,lmacdougallb8@google.de,Female,107.64.137.224,false
406,Roland,Muggach,rmuggachb9@columbia.edu,Male,131.129.47.88,true
407,Alfons,Brazelton,abrazeltonba@gizmodo.com,Male,103.66.64.1,true
408,Desdemona,Doughartie,ddoughartiebb@disqus.com,Genderqueer,135.236.242.204,false
409,Gianna,Holliar,gholliarbc@usatoday.com,Genderqueer,83.5.119.153,true
410,Artie,Gallier,agallierbd@zimbio.com,Male,13.206.211.252,true
411,Holly,Iannazzi,hiannazzibe@boston.com,Non-binary,86.106.231.226,false
412,Tristam,Fairbairn,tfairbairnbf@histats.com,Male,172.215.0.249,false
413,Jorry,Ottey,jotteybg@xinhuanet.com,Female,36.151.231.182,false
414,Kimberlee,Wensley,kwensleybh@webnode.com,Female,107.183.248.128,true
415,Mab,Whistlecraft,mwhistlecraftbi@wikimedia.org,Female,3.96.179.252,true
416,Lotti,Sterke,lsterkebj@nasa.gov,Female,166.144.155.253,true
417,Aime,Gristwood,agristwoodbk@ovh.net,Female,137.142.68.212,true
418,Claire,Mayhew,cmayhewbl@army.mil,Female,219.197.17.134,true
419,Joelly,Liell,jliellbm@hugedomains.com,Female,147.110.93.68,true
420,Bertina,Qusklay,bqusklaybn@ted.com,Non-binary,219.125.69.79,true
421,Townie,Bilton,tbiltonbo@netscape.com,Male,16.0.155.199,true
422,Geoffry,Woolard,gwoolardbp@acquirethisname.com,Male,43.160.26.16,true
423,Pebrook,Orr,porrbq@dagondesign.com,Genderqueer,176.146.187.60,false
424,Karlens,Gemelli,kgemellibr@bloomberg.com,Male,210.199.181.58,false
425,Currey,Cardoe,ccardoebs@economist.com,Male,93.35.118.182,false
426,Franklyn,Pass,fpassbt@nymag.com,Male,98.233.246.106,false
427,Charline,Carless,ccarlessbu@ftc.gov,Female,119.121.253.9,true
428,Lesli,Peschet,lpeschetbv@wikispaces.com,Genderqueer,113.233.178.216,false
429,April,Pitkeathly,apitkeathlybw@simplemachines.org,Female,31.97.172.86,false
430,Alexine,Loffhead,aloffheadbx@deviantart.com,Female,114.136.12.254,true
431,Dania,Anear,danearby@webmd.com,Female,161.29.76.34,true
432,Leland,McGurk,lmcgurkbz@unblog.fr,Female,123.36.116.14,true
433,Francois,Casari,fcasaric0@blogspot.com,Male,121.62.187.186,false
434,La verne,Clara,lclarac1@last.fm,Agender,23.246.229.101,true
435,Aubrie,Cordeix,acordeixc2@un.org,Female,25.20.227.21,true
436,Gunther,Daltry,gdaltryc3@phpbb.com,Male,146.78.75.68,false
437,Cris,Stitch,cstitchc4@sitemeter.com,Female,71.189.70.163,false
438,Sofia,Kingcott,skingcottc5@elpais.com,Genderfluid,164.33.253.211,true
439,Fowler,Lempertz,flempertzc6@marketwatch.com,Male,38.13.8.23,false
440,Vassili,Camous,vcamousc7@nature.com,Male,62.3.4.103,false
441,Shea,Vasiltsov,svasiltsovc8@bigcartel.com,Male,251.164.240.16,true
442,Gardener,Towey,gtoweyc9@seesaa.net,Male,255.78.127.41,false
443,Georg,Van der Kruijs,gvanderkruijsca@hibu.com,Male,3.6.251.211,true
444,Trev,Ovill,tovillcb@bloglines.com,Male,57.90.119.89,false
445,Conrad,Guidotti,cguidotticc@ehow.com,Male,99.223.179.81,true
446,Chastity,Pickup,cpickupcd@exblog.jp,Agender,230.85.120.45,false
447,Arlen,Berlin,aberlince@yale.edu,Male,186.89.106.238,false
448,Arthur,Libbis,alibbiscf@yale.edu,Male,177.178.68.216,false
449,Kearney,Kagan,kkagancg@disqus.com,Male,205.7.61.109,false
450,Reinaldo,Loughran,rloughranch@aboutads.info,Male,204.137.122.180,true
451,Tandie,Tutt,ttuttci@google.pl,Female,59.99.140.13,false
452,Trescha,Broz,tbrozcj@clickbank.net,Female,46.254.247.244,true
453,Lonnard,Dancey,ldanceyck@miitbeian.gov.cn,Male,185.245.122.84,true
454,Cleveland,Ings,cingscl@newyorker.com,Male,222.201.66.167,false
455,Ellynn,Copcote,ecopcotecm@stumbleupon.com,Female,30.198.20.144,false
456,Zarla,Tyre,ztyrecn@blogger.com,Female,98.5.184.173,true
457,Maudie,Carrick,mcarrickco@github.io,Female,231.229.215.118,false
458,Murvyn,Harnell,mharnellcp@posterous.com,Male,193.81.159.142,true
459,Dasya,Cudiff,dcudiffcq@wunderground.com,Female,212.24.189.31,false
460,Brigham,Mattson,bmattsoncr@live.com,Male,139.172.68.130,true
461,Hyacinthia,Nary,hnarycs@sun.com,Female,138.145.13.102,true
462,Beau,Wogden,bwogdenct@t.co,Male,175.111.69.146,true
463,Marsh,Hain,mhaincu@parallels.com,Male,21.94.87.28,true
464,Colman,Pinson,cpinsoncv@theglobeandmail.com,Male,106.4.144.53,false
465,Turner,Kingscote,tkingscotecw@pbs.org,Male,210.172.181.177,false
466,Sasha,Geggus,sgegguscx@cbslocal.com,Male,218.57.217.126,true
467,Ferdinande,Gordge,fgordgecy@people.com.cn,Female,50.148.68.170,false
468,Emilie,Acarson,eacarsoncz@meetup.com,Female,227.45.183.77,true
469,Alford,Castrillo,acastrillod0@hud.gov,Male,57.210.222.15,false
470,Claiborne,MacMeeking,cmacmeekingd1@purevolume.com,Male,176.181.249.143,true
471,Katee,Hercock,khercockd2@51.la,Female,17.18.94.205,true
472,Melessa,Risman,mrismand3@slate.com,Female,77.228.115.203,false
473,Tim,Pilmoor,tpilmoord4@cnn.com,Female,74.175.252.160,false
474,Rora,Reader,rreaderd5@jigsy.com,Agender,8.111.213.174,true
475,Pandora,Belchamp,pbelchampd6@gmpg.org,Female,42.4.254.108,true
476,Dunc,Oscroft,doscroftd7@sakura.ne.jp,Male,10.122.110.43,false
477,Saba,Riddel,sriddeld8@usa.gov,Female,21.71.211.184,false
478,Cody,Duro,cdurod9@123-reg.co.uk,Female,243.97.252.204,true
479,Milena,Emeny,memenyda@example.com,Female,140.235.238.48,false
480,Eddie,Simcoe,esimcoedb@tinypic.com,Female,53.250.115.153,true
481,Ignatius,Lumly,ilumlydc@nasa.gov,Male,177.237.81.78,true
482,Nicola,Birtle,nbirtledd@yale.edu,Female,115.66.53.121,false
483,Gladys,Jean,gjeande@vistaprint.com,Female,163.173.175.20,true
484,Marv,Tuffield,mtuffielddf@webmd.com,Male,169.78.128.229,false
485,Hall,Freyne,hfreynedg@cornell.edu,Male,255.76.173.134,false
486,Sloane,Occleshaw,soccleshawdh@theguardian.com,Male,98.191.57.42,false
487,Lorrayne,Gowdridge,lgowdridgedi@google.de,Female,211.160.169.206,false
488,Hana,O'Fihily,hofihilydj@dion.ne.jp,Female,33.3.181.21,true
489,Clayton,Oppy,coppydk@tuttocitta.it,Male,98.244.165.128,true
490,Herby,Chellenham,hchellenhamdl@netscape.com,Male,60.108.123.11,false
491,Curt,Birkmyre,cbirkmyredm@networkadvertising.org,Male,95.234.2.214,false
492,Ileane,Gantley,igantleydn@ucoz.com,Female,51.214.127.65,true
493,Lorrayne,Brim,lbrimdo@ycombinator.com,Polygender,24.105.41.213,false
494,Carr,Caspell,ccaspelldp@fc2.com,Male,134.83.190.28,true
495,Catherina,Arnoldi,carnoldidq@disqus.com,Female,253.140.160.207,false
496,Deeyn,Jersh,djershdr@studiopress.com,Female,205.16.217.150,false
497,Thibaut,Levick,tlevickds@icq.com,Genderfluid,171.245.9.70,true
498,Derk,Cawdell,dcawdelldt@imdb.com,Male,44.79.210.31,true
499,Zedekiah,Fancett,zfancettdu@twitter.com,Male,40.205.48.216,true
500,Dalt,Upstell,dupstelldv@symantec.com,Male,105.194.216.197,false
501,Suzie,Gallacher,sgallacherdw@deviantart.com,Female,110.90.232.217,true
502,Demott,Hugonin,dhugonindx@elegantthemes.com,Genderfluid,127.249.22.139,false
503,Brock,Chaudret,bchaudretdy@pcworld.com,Male,142.174.77.137,false
504,Ailina,Annott,aannottdz@devhub.com,Female,240.67.240.37,true
505,Erastus,Moncarr,emoncarre0@spotify.com,Male,159.103.214.254,true
506,Kipper,Burwin,kburwine1@networkadvertising.org,Male,132.70.229.231,false
507,Salomo,Valde,svaldee2@google.ca,Male,233.23.151.132,true
508,Angelia,Stallan,astallane3@soundcloud.com,Female,25.119.234.94,true
509,Drugi,Eldridge,deldridgee4@dropbox.com,Male,126.202.12.1,true
510,Vivianna,Peniman,vpenimane5@vimeo.com,Female,9.84.247.143,false
511,Baryram,Roots,brootse6@patch.com,Male,249.56.140.61,true
512,Jacintha,Batrip,jbatripe7@dion.ne.jp,Female,114.10.72.153,true
513,Garik,Tutton,gtuttone8@booking.com,Male,235.178.212.186,false
514,Kala,Longland,klonglande9@ucla.edu,Female,243.105.1.5,true
515,Royce,Bugg,rbuggea@stumbleupon.com,Male,231.0.8.55,true
516,Chloris,Dunnaway,cdunnawayeb@php.net,Female,157.144.92.137,false
517,Jeffy,Tupper,jtupperec@slashdot.org,Male,6.195.116.244,true
518,Kareem,Meriel,kmerieled@nps.gov,Male,19.69.140.140,true
519,Joana,Robinson,jrobinsonee@photobucket.com,Female,160.97.189.17,true
520,Cally,Neward,cnewardef@barnesandnoble.com,Female,185.2.67.17,true
521,Vivi,Jochanany,vjochananyeg@privacy.gov.au,Female,15.210.167.187,false
522,Kimbell,Crummay,kcrummayeh@businessweek.com,Male,64.26.129.183,true
523,Marc,Grent,mgrentei@list-manage.com,Male,194.164.53.99,false
524,Paulo,Sherry,psherryej@mozilla.org,Male,227.0.43.42,true
525,Lorna,Gabbatiss,lgabbatissek@bloglines.com,Female,196.195.197.1,true
526,Janeta,Keary,jkearyel@shareasale.com,Female,94.218.107.110,false
527,Geoff,Tredinnick,gtredinnickem@theglobeandmail.com,Male,137.186.238.204,false
528,Goran,Lednor,glednoren@jalbum.net,Male,82.218.99.194,true
529,Rory,McKilroe,rmckilroeeo@google.com.hk,Male,28.213.206.105,true
530,Hesther,Jurczak,hjurczakep@drupal.org,Female,134.117.208.80,true
531,Rriocard,Gerwood,rgerwoodeq@nymag.com,Male,111.70.51.199,false
532,Evangeline,Getcliffe,egetcliffeer@blogger.com,Female,143.3.151.32,false
533,Adara,Yurukhin,ayurukhines@irs.gov,Female,244.127.235.139,true
534,Linnie,Payfoot,lpayfootet@google.ca,Female,164.47.195.245,true
535,Antonella,Tace,ataceeu@uiuc.edu,Genderqueer,57.162.151.29,true
536,Marlyn,Butterly,mbutterlyev@webmd.com,Female,212.217.174.83,true
537,Alexei,Petruszka,apetruszkaew@msu.edu,Male,209.45.242.192,false
538,Micky,Mayoh,mmayohex@prlog.org,Female,227.134.226.232,true
539,Gwendolyn,Youll,gyoulley@fda.gov,Agender,124.24.213.6,false
540,Munroe,Anstey,mansteyez@geocities.com,Male,91.30.231.247,false
541,Archer,Artrick,aartrickf0@ustream.tv,Male,74.15.236.197,true
542,Berget,Redgrove,bredgrovef1@wunderground.com,Female,23.79.242.150,true
543,Isidor,Jerrans,ijerransf2@ibm.com,Male,200.101.230.143,false
544,Emanuele,Freund,efreundf3@dot.gov,Male,96.70.158.118,true
545,Archer,Glascott,aglascottf4@reverbnation.com,Non-binary,215.99.106.55,false
546,Orella,Dimitru,odimitruf5@google.co.uk,Female,243.210.100.21,false
547,Brooks,Glave,bglavef6@posterous.com,Male,87.2.83.147,true
548,Horatius,Gibson,hgibsonf7@paypal.com,Male,66.61.226.86,false
549,Arch,Chisolm,achisolmf8@comsenz.com,Male,101.95.250.238,false
550,Maible,Harnetty,mharnettyf9@paginegialle.it,Female,189.201.9.207,false
551,Sofia,Featherstonehaugh,sfeatherstonehaughfa@usda.gov,Female,128.5.191.115,true
552,Mendel,MacKerley,mmackerleyfb@skype.com,Male,83.195.38.193,true
553,Giacopo,Ellacott,gellacottfc@sbwire.com,Male,150.221.142.137,true
554,Lark,Ariss,larissfd@amazonaws.com,Female,65.185.105.65,true
555,Rheba,Trainer,rtrainerfe@trellian.com,Female,146.195.85.194,false
556,Con,Hovy,chovyff@ucoz.ru,Polygender,198.183.45.169,true
557,Leif,Wartonby,lwartonbyfg@cornell.edu,Male,194.139.137.232,false
558,Aggy,Klimushev,aklimushevfh@amazon.co.jp,Female,209.144.148.93,false
559,Misti,Hayley,mhayleyfi@webs.com,Female,164.162.23.46,true
560,Kelli,Wellard,kwellardfj@businesswire.com,Female,242.25.255.29,true
561,Cletis,Sharrem,csharremfk@usda.gov,Male,51.89.113.14,true
562,Kerk,D'Orsay,kdorsayfl@wired.com,Male,46.17.65.7,false
563,Leontyne,Griggs,lgriggsfm@netvibes.com,Female,112.191.74.121,false
564,Delores,Tschiersch,dtschierschfn@delicious.com,Polygender,64.193.12.169,false
565,Teressa,Plante,tplantefo@de.vu,Female,122.8.252.148,true
566,Lilith,Earle,learlefp@booking.com,Female,204.51.2.68,true
567,Leodora,Screwton,lscrewtonfq@marriott.com,Female,206.170.0.20,true
568,Hyman,Ewell,hewellfr@loc.gov,Male,228.105.139.109,false
569,Gustaf,Dallon,gdallonfs@bloomberg.com,Male,105.25.33.49,false
570,Wini,Broderick,wbroderickft@over-blog.com,Female,219.250.164.85,true
571,Jojo,Norval,jnorvalfu@oakley.com,Female,75.115.186.10,false
572,Winnie,Salzen,wsalzenfv@weather.com,Male,95.75.82.67,false
573,Jude,Figgess,jfiggessfw@tripod.com,Male,79.1.10.98,false
574,Kasey,Fitzer,kfitzerfx@state.gov,Female,176.12.3.185,true
575,Hart,Wakeley,hwakeleyfy@tripod.com,Male,148.55.234.252,false
576,Estel,Pappin,epappinfz@deviantart.com,Female,59.44.119.46,true
577,Randell,Comazzo,rcomazzog0@skype.com,Male,44.111.126.76,true
578,Judy,Curado,jcuradog1@ow.ly,Female,190.216.142.50,true
579,Flora,Alejandri,falejandrig2@examiner.com,Female,68.54.97.41,true
580,Anett,Hindrick,ahindrickg3@discovery.com,Female,226.8.20.121,true
581,Trude,Paling,tpalingg4@jugem.jp,Female,221.244.95.166,false
582,Andre,Norvill,anorvillg5@deliciousdays.com,Genderfluid,224.90.172.73,false
583,Lulu,Reinert,lreinertg6@pinterest.com,Female,128.107.245.121,false
584,Humfrid,Kop,hkopg7@cbc.ca,Male,116.97.15.238,true
585,Cristian,Varnham,cvarnhamg8@unesco.org,Male,117.105.97.221,false
586,Herschel,Gutierrez,hgutierrezg9@phoca.cz,Male,148.194.206.213,false
587,Moishe,Gotthard.sf,mgotthardsfga@ezinearticles.com,Male,93.87.34.188,false
588,Kirbie,Blaxill,kblaxillgb@fastcompany.com,Female,207.34.244.144,true
589,Hedwig,MacManus,hmacmanusgc@merriam-webster.com,Female,90.125.114.248,false
590,Madelin,Witty,mwittygd@psu.edu,Bigender,243.233.5.132,false
591,Stuart,Bhar,sbharge@tamu.edu,Male,122.180.67.153,false
592,Phaidra,Safhill,psafhillgf@weibo.com,Female,185.6.194.7,false
593,Paton,Mc-Kerley,pmckerleygg@miitbeian.gov.cn,Male,210.16.138.233,false
594,Catina,Missen,cmissengh@xing.com,Female,150.154.56.103,false
595,Kimmi,Howey,khoweygi@google.co.jp,Female,208.213.170.111,true
596,Aldis,Gorce,agorcegj@diigo.com,Male,50.148.229.185,true
597,Chrissie,Feldmesser,cfeldmessergk@shareasale.com,Male,61.141.136.29,false
598,Shell,Traynor,straynorgl@msu.edu,Female,134.137.151.90,true
599,Biron,Sheards,bsheardsgm@cnet.com,Male,97.157.146.141,true
600,Devan,Munnion,dmunniongn@xinhuanet.com,Female,188.68.17.164,true
601,Trish,Cashley,tcashleygo@discovery.com,Bigender,108.228.68.238,false
602,Eberhard,Harfoot,eharfootgp@youku.com,Bigender,51.117.215.90,false
603,Lexine,Gerler,lgerlergq@boston.com,Non-binary,61.216.115.22,false
604,Clayborne,Stiles,cstilesgr@state.gov,Male,93.120.213.53,false
605,Fitzgerald,Ambrosi,fambrosigs@ow.ly,Male,67.104.155.121,true
606,Lucio,Penke,lpenkegt@privacy.gov.au,Male,234.91.221.106,false
607,Mallorie,Ingry,mingrygu@tripadvisor.com,Female,193.151.132.100,false
608,Fanny,Patmore,fpatmoregv@mapy.cz,Female,238.128.27.225,true
609,Jessa,Gwilliam,jgwilliamgw@barnesandnoble.com,Female,79.137.40.49,false
610,Drugi,Acutt,dacuttgx@privacy.gov.au,Male,12.169.109.18,false
611,Sid,Mattityahou,smattityahougy@mayoclinic.com,Male,3.47.234.11,true
612,Ronnica,Middlemist,rmiddlemistgz@github.io,Female,22.178.165.250,true
613,Faber,Mundell,fmundellh0@google.de,Male,180.237.5.71,false
614,Forester,Wetherell,fwetherellh1@census.gov,Male,226.130.190.193,true
615,Fitzgerald,Gough,fgoughh2@kickstarter.com,Genderfluid,134.221.211.72,true
616,Huntley,Swetmore,hswetmoreh3@w3.org,Male,223.188.200.143,false
617,Adamo,Gilligan,agilliganh4@blogs.com,Male,216.29.187.25,true
618,Edik,Carratt,ecarratth5@lulu.com,Bigender,196.107.133.180,true
619,Davis,Workman,dworkmanh6@gmpg.org,Male,22.255.126.80,true
620,Abigail,Felce,afelceh7@elpais.com,Female,247.234.127.183,true
621,Leia,Isherwood,lisherwoodh8@usda.gov,Female,100.86.46.144,false
622,Giuditta,Mohammad,gmohammadh9@php.net,Female,160.186.71.37,false
623,Winston,Lappine,wlappineha@cdbaby.com,Male,130.214.238.173,false
624,Ches,Websdale,cwebsdalehb@msn.com,Male,19.161.194.22,true
625,Torrance,Giorgini,tgiorginihc@diigo.com,Male,114.104.178.191,true
626,Pepita,Woodus,pwoodushd@youku.com,Female,138.25.151.15,false
627,Joana,Merrien,jmerrienhe@sina.com.cn,Female,206.132.140.208,true
628,Carry,Roughsedge,croughsedgehf@seattletimes.com,Female,120.123.124.157,true
629,Fara,Gansbuhler,fgansbuhlerhg@sogou.com,Female,210.145.57.84,false
630,Irvin,Margach,imargachhh@booking.com,Male,222.142.43.201,false
631,Stormi,Dyter,sdyterhi@ow.ly,Female,210.230.161.84,false
632,Drucill,Gennings,dgenningshj@nifty.com,Genderfluid,11.41.237.98,false
633,Maxine,Seakes,mseakeshk@geocities.jp,Genderqueer,23.4.111.15,false
634,Celestyna,Reitenbach,creitenbachhl@wisc.edu,Female,146.111.70.139,true
635,Fons,Tappin,ftappinhm@newyorker.com,Male,151.108.45.129,true
636,Aldridge,Owbrick,aowbrickhn@list-manage.com,Male,118.212.136.185,true
637,Rollins,Rosenhaus,rrosenhausho@hatena.ne.jp,Male,133.44.208.43,true
638,Ruthi,Frisdick,rfrisdickhp@t-online.de,Female,224.35.221.85,false
639,Cherye,Shropsheir,cshropsheirhq@weebly.com,Female,196.76.147.250,true
640,Siobhan,Goodbur,sgoodburhr@nps.gov,Female,103.101.100.69,true
641,Thane,Folkes,tfolkeshs@intel.com,Male,20.206.156.247,true
642,Gratiana,Aimer,gaimerht@tmall.com,Female,70.231.223.155,true
643,Zabrina,Meneer,zmeneerhu@usda.gov,Female,1.178.42.90,true
644,Nicolette,Dickie,ndickiehv@facebook.com,Female,41.208.228.241,true
645,Urbain,Frostdyke,ufrostdykehw@cdbaby.com,Male,10.16.60.24,false
646,Othelia,Simionescu,osimionescuhx@webs.com,Female,152.72.202.56,false
647,Brittne,Turrill,bturrillhy@comcast.net,Female,169.34.125.184,true
648,Marshal,Thurlbourne,mthurlbournehz@multiply.com,Male,194.85.223.166,true
649,Annadiana,Broadley,abroadleyi0@weather.com,Female,214.21.156.53,true
650,Aldous,Walster,awalsteri1@ocn.ne.jp,Male,181.129.103.175,false
651,Maxine,Marishenko,mmarishenkoi2@histats.com,Female,39.223.226.153,true
652,Gavin,Christy,gchristyi3@apache.org,Male,13.167.98.212,false
653,Maris,De Michele,mdemichelei4@craigslist.org,Polygender,58.63.147.97,false
654,Maudie,Kedie,mkediei5@last.fm,Female,82.240.213.230,true
655,Dniren,Meese,dmeesei6@elpais.com,Female,62.122.97.171,false
656,Carmelita,Tester,ctesteri7@wikia.com,Female,81.155.230.198,false
657,Corena,De Bruyne,cdebruynei8@purevolume.com,Female,119.65.46.9,false
658,Itch,Hosten,ihosteni9@mapquest.com,Male,178.103.53.191,false
659,Garwood,Rallin,grallinia@blogger.com,Male,144.35.169.64,false
660,Margy,Maulden,mmauldenib@ameblo.jp,Polygender,245.108.65.228,false
661,Lacey,McAnulty,lmcanultyic@vimeo.com,Bigender,63.25.136.154,true
662,Garry,Spellecy,gspellecyid@europa.eu,Male,40.53.213.219,true
663,Tracy,Stoffler,tstofflerie@nps.gov,Female,17.162.130.240,true
664,Marrilee,Tern,mternif@elpais.com,Female,54.114.175.20,false
665,Emili,Lamas,elamasig@fotki.com,Female,102.105.111.63,false
666,Kendell,Dedham,kdedhamih@gmpg.org,Male,240.30.189.41,true
667,Jaquenetta,Brasher,jbrasherii@ucoz.ru,Female,187.108.144.11,true
668,Ruddy,Bidnall,rbidnallij@jugem.jp,Bigender,165.66.194.29,true
669,Anetta,Arrow,aarrowik@123-reg.co.uk,Female,14.144.56.227,false
670,Stillmann,Smedmoor,ssmedmooril@mysql.com,Male,133.131.60.221,true
671,Marmaduke,Eltun,meltunim@ed.gov,Male,147.45.99.135,false
672,Farleigh,Katt,fkattin@vkontakte.ru,Agender,177.96.201.117,false
673,Salvatore,Maher,smaherio@nps.gov,Male,144.80.70.109,false
674,Branden,Weaben,bweabenip@miitbeian.gov.cn,Male,100.3.55.72,false
675,Carita,McMurray,cmcmurrayiq@t-online.de,Female,19.37.213.174,false
676,Tannie,Hellings,thellingsir@sourceforge.net,Male,70.147.12.68,false
677,Colleen,Eldin,celdinis@microsoft.com,Female,146.157.193.76,false
678,Anders,Piell,apiellit@psu.edu,Male,148.147.198.143,true
679,Candi,Gallico,cgallicoiu@loc.gov,Female,73.219.232.182,true
680,Loutitia,Jelleman,ljellemaniv@ycombinator.com,Female,244.247.238.92,true
681,Saxe,Kelle,skelleiw@webmd.com,Male,235.46.239.225,true
682,Mort,McCadden,mmccaddenix@bloomberg.com,Male,177.142.85.199,false
683,Lenora,Veldman,lveldmaniy@blogger.com,Female,175.29.207.13,false
684,Adriane,Wolvey,awolveyiz@gravatar.com,Female,89.178.24.206,false
685,Viviyan,Sheilds,vsheildsj0@blogs.com,Female,79.122.202.77,true
686,Marne,Scoffham,mscoffhamj1@acquirethisname.com,Female,41.192.153.109,false
687,Carmen,Parkin,cparkinj2@forbes.com,Female,96.102.230.11,true
688,Kizzie,Tarr,ktarrj3@yahoo.co.jp,Female,176.255.34.134,true
689,Melisenda,Peedell,mpeedellj4@pen.io,Female,73.195.76.201,true
690,Kermy,Wickling,kwicklingj5@msn.com,Male,112.172.59.129,false
691,Hunfredo,Quelch,hquelchj6@yelp.com,Male,32.109.223.77,false
692,Steven,McKevitt,smckevittj7@huffingtonpost.com,Male,196.55.209.162,false
693,Sib,Hawthorne,shawthornej8@bravesites.com,Female,8.239.8.166,false
694,Lewie,Keesman,lkeesmanj9@mlb.com,Male,197.81.161.118,true
695,Reece,Lindenblatt,rlindenblattja@dion.ne.jp,Male,172.152.181.43,true
696,Jennilee,Dillinton,jdillintonjb@auda.org.au,Agender,136.246.75.163,true
697,Kory,Christiensen,kchristiensenjc@berkeley.edu,Male,191.12.112.60,true
698,Marcus,McCabe,mmccabejd@psu.edu,Male,89.52.110.243,false
699,Ellene,Wong,ewongje@adobe.com,Female,172.175.146.240,false
700,Rubina,Treasure,rtreasurejf@blogger.com,Female,45.221.240.71,false
701,Teresa,Bolin,tbolinjg@wikia.com,Female,135.53.244.249,true
702,Giacinta,Maseyk,gmaseykjh@amazonaws.com,Female,45.118.48.33,false
703,Kissie,Goodliff,kgoodliffji@harvard.edu,Female,248.0.100.179,false
704,Xymenes,Kikke,xkikkejj@marriott.com,Male,8.227.207.11,true
705,Jud,Blas,jblasjk@artisteer.com,Male,148.236.163.125,true
706,Issie,Hearst,ihearstjl@shinystat.com,Female,26.241.28.97,true
707,Talbot,Master,tmasterjm@yellowpages.com,Male,238.10.178.116,true
708,Hillie,Mallinson,hmallinsonjn@symantec.com,Male,50.243.119.98,true
709,Susanetta,Skechley,sskechleyjo@wordpress.com,Female,121.171.158.40,false
710,Allie,Mashal,amashaljp@sbwire.com,Male,200.43.239.66,true
711,Alva,Danko,adankojq@xinhuanet.com,Male,18.67.155.169,true
712,Drona,Staite,dstaitejr@archive.org,Bigender,133.188.80.204,false
713,Bradan,Keyden,bkeydenjs@redcross.org,Male,150.146.145.209,true
714,Ellyn,O'Leahy,eoleahyjt@uiuc.edu,Female,24.10.13.23,true
715,Jackie,Lardeux,jlardeuxju@jigsy.com,Male,158.108.207.103,true
716,Gustav,Bearman,gbearmanjv@bbc.co.uk,Male,189.26.9.219,true
717,Berna,Crannage,bcrannagejw@virginia.edu,Female,102.202.91.112,false
718,Marji,Yearn,myearnjx@lycos.com,Female,103.196.142.184,true
719,Dael,Coppard,dcoppardjy@booking.com,Female,248.136.16.213,false
720,Culley,MacCaull,cmaccaulljz@oakley.com,Male,176.52.38.165,false
721,Case,Eskriett,ceskriettk0@freewebs.com,Male,104.134.190.16,true
722,Karil,Trevance,ktrevancek1@spotify.com,Female,4.161.226.109,true
723,Allsun,Agius,aagiusk2@indiegogo.com,Female,224.143.56.211,true
724,Eduardo,Arniz,earnizk3@issuu.com,Male,134.25.196.237,false
725,Paulette,Harverson,pharversonk4@usa.gov,Female,197.236.5.29,false
726,Lucilia,Meriguet,lmeriguetk5@ning.com,Female,198.193.117.245,false
727,Ichabod,Stallworth,istallworthk6@cbsnews.com,Male,69.12.14.249,false
728,Eydie,Sheircliffe,esheircliffek7@icio.us,Genderfluid,162.104.200.255,true
729,Willetta,Meran,wmerank8@vinaora.com,Female,90.252.230.74,false
730,Jere,Werndley,jwerndleyk9@columbia.edu,Male,38.212.96.61,true
731,Algernon,Allender,aallenderka@geocities.jp,Male,43.99.18.124,false
732,Morty,Kiehne,mkiehnekb@sogou.com,Male,185.252.201.95,false
733,Leroi,Druce,ldrucekc@census.gov,Male,180.31.193.58,false
734,Andres,Sands,asandskd@blogs.com,Male,248.218.131.65,false
735,Reyna,Sparway,rsparwayke@princeton.edu,Female,93.193.159.122,false
736,Whitney,Dumbrill,wdumbrillkf@omniture.com,Male,90.217.243.108,false
737,Kristina,Osbaldstone,kosbaldstonekg@flavors.me,Female,176.56.43.206,false
738,Otto,Tuison,otuisonkh@aboutads.info,Male,17.17.5.59,true
739,Xylia,Natwick,xnatwickki@topsy.com,Female,60.130.8.111,false
740,Megan,Absalom,mabsalomkj@icio.us,Female,234.173.215.81,true
741,Hayden,Heskins,hheskinskk@printfriendly.com,Male,138.130.28.240,true
742,Dirk,Iacomo,diacomokl@slideshare.net,Male,209.221.200.231,true
743,Wildon,Sleaford,wsleafordkm@cdbaby.com,Male,128.191.109.12,true
744,Davida,Klemencic,dklemencickn@usnews.com,Non-binary,81.231.53.113,false
745,Zorine,Ferriby,zferribyko@amazon.com,Female,174.94.208.26,false
746,Karlens,Drummond,kdrummondkp@bluehost.com,Male,42.123.119.36,false
747,Lexis,Blanc,lblanckq@icio.us,Female,134.187.167.212,true
748,Lilian,Inchboard,linchboardkr@ustream.tv,Female,51.217.222.10,true
749,Hobard,Chavey,hchaveyks@baidu.com,Male,65.158.132.61,true
750,Gawain,Dunk,gdunkkt@over-blog.com,Polygender,28.207.108.250,false
751,Douglas,Pilgrim,dpilgrimku@qq.com,Male,185.35.233.225,true
752,Demetrius,Fozzard,dfozzardkv@hibu.com,Male,30.156.71.220,false
753,Mirabelle,Boyn,mboynkw@usa.gov,Female,148.177.220.46,false
754,Florry,Filoniere,ffilonierekx@umich.edu,Female,255.69.108.93,false
755,Stuart,Storrier,sstorrierky@senate.gov,Male,196.234.131.165,false
756,Windham,Mewha,wmewhakz@vistaprint.com,Male,163.55.167.102,false
757,Nelie,Daniells,ndaniellsl0@webmd.com,Female,247.209.55.162,false
758,Lanna,Blackborough,lblackboroughl1@mlb.com,Female,234.99.131.131,false
759,Rockwell,Pithcock,rpithcockl2@bbc.co.uk,Male,78.46.96.60,false
760,Garfield,McGenn,gmcgennl3@ezinearticles.com,Male,209.23.18.136,true
761,Miltie,Adamiec,madamiecl4@cornell.edu,Male,215.87.102.30,false
762,Raychel,Ropars,rroparsl5@zimbio.com,Female,13.234.0.40,false
763,Cathleen,Ecclestone,cecclestonel6@craigslist.org,Female,210.72.204.75,true
764,Hector,Blodget,hblodgetl7@bing.com,Male,41.36.85.58,false
765,Franny,Flaonier,fflaonierl8@webs.com,Male,2.146.234.86,false
766,Eldin,Fursse,efurssel9@bloomberg.com,Male,55.45.183.9,false
767,Godfree,Slemming,gslemmingla@hatena.ne.jp,Male,250.74.168.41,true
768,Stephannie,Alexsandrov,salexsandrovlb@uiuc.edu,Female,11.108.62.1,false
769,Henry,Kettoe,hkettoelc@canalblog.com,Male,63.229.29.177,false
770,Gunar,Jendricke,gjendrickeld@sina.com.cn,Male,83.60.101.26,true
771,Shauna,Gainforth,sgainforthle@vimeo.com,Female,19.113.42.79,true
772,Kelly,Lecky,kleckylf@webs.com,Male,46.142.87.232,true
773,Iosep,Bourgour,ibourgourlg@vk.com,Male,112.30.169.101,false
774,Mathilde,Gierhard,mgierhardlh@de.vu,Female,31.118.114.99,true
775,Arluene,Roobottom,aroobottomli@mtv.com,Female,235.175.148.50,true
776,Ivan,Hawkings,ihawkingslj@prnewswire.com,Male,252.14.162.113,false
777,Jozef,Marvell,jmarvelllk@nps.gov,Male,162.181.70.17,false
778,Beau,Haggard,bhaggardll@jimdo.com,Male,14.27.91.173,true
779,Calv,Blowing,cblowinglm@mac.com,Male,161.117.177.20,false
780,Maxine,Searsby,msearsbyln@youku.com,Female,105.19.139.43,false
781,Freddy,Kield,fkieldlo@histats.com,Female,249.128.178.112,false
782,Noak,Neames,nneameslp@europa.eu,Male,167.53.188.238,true
783,Billie,Bowne,bbownelq@jiathis.com,Male,23.54.170.156,true
784,Ibby,Costin,icostinlr@redcross.org,Female,35.231.31.151,false
785,Eden,Bachellier,ebachellierls@umn.edu,Female,6.120.86.72,false
786,Timothy,Crathern,tcrathernlt@feedburner.com,Male,119.99.235.119,false
787,Amalle,Klus,akluslu@nifty.com,Female,28.132.172.18,true
788,Lutero,Hulles,lhulleslv@xinhuanet.com,Male,22.247.233.40,false
789,Christyna,Benardette,cbenardettelw@who.int,Female,86.255.165.165,false
790,Townsend,Trymme,ttrymmelx@1und1.de,Male,150.73.187.114,false
791,Jody,Smerdon,jsmerdonly@nydailynews.com,Female,75.232.136.118,false
792,Arabella,Leimster,aleimsterlz@fc2.com,Female,95.141.14.62,true
793,Alonzo,Kneeland,akneelandm0@github.io,Male,98.239.83.33,false
794,Charleen,Thurner,cthurnerm1@virginia.edu,Female,141.213.28.4,false
795,Marie-ann,Mardoll,mmardollm2@wikia.com,Female,208.203.241.75,false
796,Elicia,Parffrey,eparffreym3@163.com,Female,136.33.19.117,false
797,Nevin,Hemmingway,nhemmingwaym4@plala.or.jp,Male,107.174.74.220,false
798,Kristine,Thomlinson,kthomlinsonm5@indiegogo.com,Female,39.254.118.199,false
799,Kayla,Gilpin,kgilpinm6@typepad.com,Female,141.149.73.226,false
800,Codie,Wurst,cwurstm7@senate.gov,Female,10.178.134.145,true
801,Edgard,Petrou,epetroum8@yellowpages.com,Male,212.175.58.13,false
802,Tonnie,McDyer,tmcdyerm9@prweb.com,Male,77.74.6.207,false
803,De,Gatheral,dgatheralma@mapy.cz,Female,239.60.153.70,false
804,Frans,Leveridge,fleveridgemb@soundcloud.com,Male,187.165.228.229,true
805,Samuel,Orsay,sorsaymc@wsj.com,Non-binary,69.66.167.162,true
806,Heida,Killby,hkillbymd@feedburner.com,Female,155.53.152.99,false
807,Gordie,Sabin,gsabinme@dropbox.com,Male,128.238.148.254,true
808,Maxy,Karslake,mkarslakemf@hud.gov,Male,237.123.169.195,true
809,Rodolfo,Sains,rsainsmg@spotify.com,Male,115.2.1.46,true
810,Zak,Pawnsford,zpawnsfordmh@webnode.com,Bigender,48.47.80.98,false
811,Lorianne,Endle,lendlemi@nsw.gov.au,Genderfluid,199.19.207.246,false
812,Shanon,Sommerfeld,ssommerfeldmj@digg.com,Female,182.50.3.251,false
813,Goraud,Stuckes,gstuckesmk@shop-pro.jp,Non-binary,176.229.81.9,true
814,Chico,Clapison,cclapisonml@unc.edu,Male,183.53.227.62,false
815,Barnie,O'Harney,boharneymm@youtu.be,Male,180.242.49.5,false
816,Teirtza,Rockwill,trockwillmn@multiply.com,Female,245.60.193.235,false
817,Dallas,Sparkes,dsparkesmo@multiply.com,Male,158.42.48.198,false
818,Syman,Goring,sgoringmp@w3.org,Male,170.76.70.228,true
819,Lesley,Cust,lcustmq@wp.com,Female,237.97.155.133,true
820,Allsun,Gainsboro,againsboromr@rediff.com,Female,164.251.205.165,true
821,Kristofer,Joutapavicius,kjoutapaviciusms@people.com.cn,Male,93.115.62.30,true
822,Jonah,Ricciardi,jricciardimt@hc360.com,Male,93.51.170.78,true
823,Lauri,Dugald,ldugaldmu@phpbb.com,Female,125.13.70.144,false
824,Zitella,Sollom,zsollommv@yahoo.co.jp,Agender,234.136.16.164,false
825,Kassey,Littledyke,klittledykemw@google.co.uk,Female,205.0.79.186,false
826,Aldwin,Gagan,agaganmx@mayoclinic.com,Male,109.232.27.116,true
827,Benson,Workman,bworkmanmy@reuters.com,Male,25.59.208.228,false
828,Lorinda,Sartin,lsartinmz@usnews.com,Female,154.128.8.78,false
829,Son,Cristofaro,scristofaron0@pagesperso-orange.fr,Male,233.252.195.21,true
830,Inness,Beecheno,ibeechenon1@msn.com,Male,247.254.138.231,false
831,Brew,Purser,bpursern2@auda.org.au,Male,92.7.34.137,false
832,Enoch,Elphick,eelphickn3@mozilla.org,Male,5.43.103.136,false
833,Barry,Bruneton,bbrunetonn4@squarespace.com,Male,193.215.213.106,false
834,Hamel,Shortall,hshortalln5@thetimes.co.uk,Male,115.46.108.244,true
835,Winnah,Norquay,wnorquayn6@t.co,Female,54.197.195.88,true
836,Polly,Halward,phalwardn7@berkeley.edu,Female,170.163.177.143,false
837,Troy,Mallinar,tmallinarn8@cdbaby.com,Male,232.106.119.9,false
838,Aldin,Neate,aneaten9@nature.com,Male,234.112.90.150,true
839,Dorothy,Belverstone,dbelverstonena@merriam-webster.com,Female,93.168.72.27,false
840,Nolan,Halfpenny,nhalfpennynb@drupal.org,Male,11.119.25.221,true
841,Burnard,L' Anglois,blangloisnc@biblegateway.com,Male,25.108.60.170,true
842,Barron,Blune,bblunend@netvibes.com,Male,226.173.175.28,true
843,Felix,Weymont,fweymontne@nymag.com,Male,236.76.214.236,true
844,Othella,Clapton,oclaptonnf@tumblr.com,Female,146.166.219.168,false
845,Omar,Cornilli,ocornilling@github.com,Genderqueer,50.34.79.60,true
846,Guntar,Mazzeo,gmazzeonh@un.org,Male,210.174.4.16,false
847,Mohandas,Aldersley,maldersleyni@typepad.com,Male,45.22.97.47,true
848,Leland,Renvoise,lrenvoisenj@miibeian.gov.cn,Genderqueer,116.9.127.157,false
849,Catherin,Gidden,cgiddennk@amazon.com,Female,51.50.161.93,true
850,Teodor,Dresse,tdressenl@digg.com,Non-binary,14.85.236.201,false
851,Devin,Fulleylove,dfulleylovenm@upenn.edu,Female,168.249.92.186,false
852,Lyle,Hickinbottom,lhickinbottomnn@nyu.edu,Male,206.233.92.146,false
853,Hester,Fairall,hfairallno@cbc.ca,Female,91.129.180.247,true
854,Rina,Pool,rpoolnp@unc.edu,Female,61.26.8.129,true
855,Kimberli,Sawday,ksawdaynq@livejournal.com,Female,119.91.74.53,false
856,Donall,Filippello,dfilippellonr@netlog.com,Male,48.54.202.23,true
857,Esme,Rolfs,erolfsns@dmoz.org,Male,6.197.162.203,false
858,Lorette,Gomez,lgomeznt@pagesperso-orange.fr,Female,62.139.142.165,true
859,Tommie,Loynes,tloynesnu@netscape.com,Female,200.47.124.112,false
860,Johann,Normanton,jnormantonnv@java.com,Male,96.38.176.195,true
861,Zaccaria,Gyrgorcewicx,zgyrgorcewicxnw@constantcontact.com,Male,229.90.160.82,false
862,Christin,Bossom,cbossomnx@disqus.com,Female,134.143.109.55,false
863,Yves,Harmour,yharmourny@weather.com,Male,151.93.52.122,false
864,Moselle,Moynham,mmoynhamnz@cnn.com,Female,200.142.229.240,false
865,Leonid,Fagge,lfaggeo0@virginia.edu,Male,47.143.156.59,false
866,Moyra,Lapree,mlapreeo1@wp.com,Female,238.15.240.241,true
867,Loreen,Gricewood,lgricewoodo2@sfgate.com,Female,96.213.205.144,false
868,Sandie,Artingstall,sartingstallo3@omniture.com,Female,10.189.223.220,true
869,Theadora,Gaisford,tgaisfordo4@craigslist.org,Bigender,202.111.60.109,false
870,Carolyn,Barrim,cbarrimo5@apple.com,Female,156.212.172.223,true
871,Ilaire,Durtnell,idurtnello6@netvibes.com,Male,181.87.222.172,true
872,Glynnis,Aleksahkin,galeksahkino7@nbcnews.com,Female,245.157.38.63,true
873,Turner,Srawley,tsrawleyo8@live.com,Male,36.118.110.95,true
874,Steffen,MacKellen,smackelleno9@1688.com,Male,61.118.177.216,false
875,Nadiya,Cavill,ncavilloa@pagesperso-orange.fr,Female,106.73.42.11,false
876,Kareem,Griggs,kgriggsob@google.de,Male,66.109.24.34,false
877,Rene,Ogborne,rogborneoc@stumbleupon.com,Female,125.8.39.111,true
878,Lynna,Keiley,lkeileyod@disqus.com,Female,37.167.148.107,false
879,Mirna,Keeltagh,mkeeltaghoe@hubpages.com,Female,242.98.118.7,true
880,Amy,Edghinn,aedghinnof@ucla.edu,Female,50.183.251.120,false
881,Marmaduke,Loraine,mloraineog@sitemeter.com,Male,77.186.94.181,false
882,Waverley,Bevan,wbevanoh@army.mil,Male,181.22.81.104,true
883,Chantal,Loftin,cloftinoi@examiner.com,Female,240.199.222.2,false
884,Jacky,Gowdy,jgowdyoj@a8.net,Polygender,235.219.39.2,true
885,Anson,Orys,aorysok@washington.edu,Male,214.164.41.192,false
886,Hall,Merrick,hmerrickol@google.de,Male,158.202.252.220,false
887,Milissent,Cardozo,mcardozoom@virginia.edu,Female,49.44.255.151,true
888,Addy,Yitzhok,ayitzhokon@guardian.co.uk,Male,41.240.109.39,false
889,Gavra,Dufer,gduferoo@state.tx.us,Female,50.228.226.236,false
890,Wit,Borzone,wborzoneop@pcworld.com,Male,119.221.140.165,true
891,Shannen,Zannuto,szannutooq@booking.com,Polygender,123.139.184.159,true
892,Dalia,Castelli,dcastellior@reddit.com,Female,52.211.217.88,true
893,Kippie,Magowan,kmagowanos@comcast.net,Male,88.161.169.105,true
894,Mitchell,Labrenz,mlabrenzot@is.gd,Male,110.119.80.91,false
895,Kingsley,Udall,kudallou@ftc.gov,Male,223.63.100.188,true
896,Cornell,Haversham,chavershamov@google.fr,Male,54.54.46.62,false
897,Wilhelmina,Darrigone,wdarrigoneow@google.cn,Female,92.4.231.252,true
898,Dorisa,Epps,deppsox@noaa.gov,Female,94.50.75.17,true
899,Christi,Clulow,cclulowoy@hao123.com,Female,218.113.100.18,false
900,Tiffie,Kapelhoff,tkapelhoffoz@abc.net.au,Female,41.135.36.15,true
901,Giselle,Adamthwaite,gadamthwaitep0@nps.gov,Female,212.150.238.208,true
902,Auberon,Madge,amadgep1@163.com,Male,153.3.237.24,true
903,Maxwell,Kinghorn,mkinghornp2@reddit.com,Male,136.94.184.98,false
904,Shell,Seers,sseersp3@about.com,Female,139.37.191.11,true
905,Mata,Brick,mbrickp4@narod.ru,Male,69.73.234.236,false
906,Fiorenze,Clubb,fclubbp5@webeden.co.uk,Female,12.61.79.78,false
907,Emmery,Madeley,emadeleyp6@blinklist.com,Male,131.121.5.100,true
908,Othelia,Ginnety,oginnetyp7@furl.net,Female,2.145.231.199,false
909,Steffie,Tallent,stallentp8@goodreads.com,Female,17.185.152.59,false
910,Shandee,Blazek,sblazekp9@is.gd,Female,236.10.224.13,true
911,Shandee,Blow,sblowpa@phoca.cz,Female,180.226.59.225,true
912,Abigael,Bretelle,abretellepb@uol.com.br,Female,60.106.120.140,false
913,Sheryl,Winskill,swinskillpc@t-online.de,Female,173.140.17.119,true
914,Micheline,Darwood,mdarwoodpd@wp.com,Female,217.211.86.133,false
915,Goober,Whickman,gwhickmanpe@reference.com,Male,205.210.223.252,true
916,Marnie,Wanjek,mwanjekpf@fc2.com,Female,230.29.231.123,true
917,Zerk,De Mitris,zdemitrispg@bigcartel.com,Male,137.120.241.101,true
918,Edith,Robilart,erobilartph@chronoengine.com,Bigender,238.159.46.202,true
919,Jamey,Boater,jboaterpi@baidu.com,Male,44.255.95.33,false
920,Homerus,Wippermann,hwippermannpj@over-blog.com,Male,235.118.21.121,false
921,Matias,Glas,mglaspk@blog.com,Genderfluid,42.58.224.16,true
922,Shandie,Greenhaugh,sgreenhaughpl@webeden.co.uk,Female,77.112.156.142,true
923,Barrie,Storks,bstorkspm@mac.com,Male,196.113.30.67,false
924,Jennee,Rubinov,jrubinovpn@ebay.com,Female,226.226.48.241,true
925,Tatiania,Crannell,tcrannellpo@techcrunch.com,Genderfluid,219.209.67.229,false
926,Rickie,McKimmey,rmckimmeypp@usnews.com,Male,26.48.185.137,false
927,Ermengarde,Dallander,edallanderpq@newsvine.com,Female,40.137.223.125,true
928,Crista,Dwane,cdwanepr@salon.com,Female,64.197.247.207,true
929,Klarrisa,Pendrid,kpendridps@usatoday.com,Female,242.96.150.44,true
930,Merwyn,Dulany,mdulanypt@ox.ac.uk,Male,149.155.26.172,false
931,Merle,Cadreman,mcadremanpu@bravesites.com,Male,249.96.23.20,true
932,Chariot,Wordesworth,cwordesworthpv@comsenz.com,Male,54.171.35.176,true
933,Jone,Bail,jbailpw@jiathis.com,Male,130.128.59.136,true
934,Garek,Arminger,garmingerpx@bizjournals.com,Male,39.44.197.200,true
935,Lorain,Grima,lgrimapy@wikia.com,Female,173.51.203.249,false
936,Joni,Lamonby,jlamonbypz@loc.gov,Female,219.231.97.54,false
937,Caddric,Ferrara,cferraraq0@sakura.ne.jp,Male,7.94.114.1,true
938,Hernando,MacGilrewy,hmacgilrewyq1@a8.net,Male,194.34.47.90,true
939,Laurene,de Tocqueville,ldetocquevilleq2@printfriendly.com,Female,67.75.250.136,true
940,Corbet,Girardi,cgirardiq3@ameblo.jp,Agender,41.60.131.191,true
941,Sarine,Lawler,slawlerq4@ca.gov,Female,81.46.87.145,false
942,Myrtia,McCowen,mmccowenq5@yelp.com,Female,160.219.235.115,true
943,Anabella,Goundrill,agoundrillq6@dailymail.co.uk,Female,188.198.66.15,false
944,Cecily,Schoenleiter,cschoenleiterq7@dagondesign.com,Female,180.235.72.72,true
945,Budd,Camoletto,bcamolettoq8@china.com.cn,Male,13.139.87.191,false
946,Yolanda,Keitch,ykeitchq9@redcross.org,Female,162.28.157.150,false
947,Donnie,Van der Hoven,dvanderhovenqa@tiny.cc,Male,52.145.161.132,false
948,Faber,Smitherham,fsmitherhamqb@wired.com,Male,241.198.101.189,true
949,Mame,Todeo,mtodeoqc@utexas.edu,Female,138.174.90.23,false
950,Davidde,Oulet,douletqd@disqus.com,Male,123.213.213.43,false
951,Arabelle,Renhard,arenhardqe@noaa.gov,Genderfluid,7.159.135.13,true
952,Isabelle,Dominey,idomineyqf@google.com.hk,Female,118.249.97.76,false
953,Eben,Chattock,echattockqg@prweb.com,Male,64.113.53.212,true
954,Mata,Tomaszkiewicz,mtomaszkiewiczqh@ehow.com,Male,226.225.219.130,false
955,Huntington,Nelissen,hnelissenqi@usnews.com,Male,59.42.12.138,false
956,Rubie,Rodgman,rrodgmanqj@google.com.au,Female,61.132.49.213,false
957,Terrill,Tither,ttitherqk@stanford.edu,Male,134.207.132.222,false
958,Druci,Mowsley,dmowsleyql@hubpages.com,Female,86.147.61.56,true
959,Kiah,Pavlata,kpavlataqm@typepad.com,Female,148.98.199.29,true
960,Morganne,Aspole,maspoleqn@deviantart.com,Female,176.108.247.244,false
961,Martguerita,Breach,mbreachqo@com.com,Female,97.90.250.240,true
962,Mariquilla,MacCumeskey,mmaccumeskeyqp@t.co,Female,11.98.133.7,true
963,Aylmar,Paulmann,apaulmannqq@cnet.com,Male,108.164.17.59,false
964,Reid,Raybould,rraybouldqr@admin.ch,Male,216.85.232.74,false
965,Pam,Colaco,pcolacoqs@networksolutions.com,Female,95.204.213.221,true
966,Velvet,Goalby,vgoalbyqt@imageshack.us,Female,217.241.6.8,false
967,Dal,Loache,dloachequ@virginia.edu,Genderfluid,251.98.237.60,false
968,Rand,Fearn,rfearnqv@ibm.com,Male,225.215.85.106,false
969,Terence,Evert,tevertqw@sitemeter.com,Male,246.249.241.225,true
970,Ulises,Baxstar,ubaxstarqx@irs.gov,Male,137.16.87.100,true
971,Marianna,Dregan,mdreganqy@ustream.tv,Female,21.96.13.77,false
972,Son,Clench,sclenchqz@soundcloud.com,Male,103.64.167.232,false
973,Yvette,Ripping,yrippingr0@booking.com,Female,246.35.31.175,false
974,Shadow,Cutridge,scutridger1@feedburner.com,Male,45.211.153.249,false
975,Floris,Carryer,fcarryerr2@wired.com,Female,166.116.33.16,false
976,Godfrey,Astin,gastinr3@about.com,Male,134.6.61.216,false
977,Vivien,Masic,vmasicr4@yandex.ru,Female,157.218.73.155,false
978,Thoma,Locock,tlocockr5@cmu.edu,Male,91.242.82.202,true
979,Marcelle,Milthorpe,mmilthorper6@vk.com,Female,145.150.169.82,false
980,Sigismundo,Massel,smasselr7@google.nl,Male,110.185.116.96,false
981,Kaycee,Moretto,kmorettor8@nih.gov,Female,202.128.157.238,false
982,Gardiner,Stading,gstadingr9@blogspot.com,Male,48.25.123.96,false
983,Allianora,Moan,amoanra@naver.com,Female,85.11.159.4,true
984,Ody,Verriour,overriourrb@meetup.com,Male,77.165.63.249,true
985,Shelli,Gerasch,sgeraschrc@seesaa.net,Female,42.58.199.25,true
986,Cicily,Luberto,clubertord@plala.or.jp,Female,86.86.216.6,false
987,Connie,Corrett,ccorrettre@symantec.com,Female,106.71.171.237,false
988,Tommie,Clilverd,tclilverdrf@aol.com,Female,242.13.144.209,true
989,Becki,Redpath,bredpathrg@freewebs.com,Female,40.147.96.206,true
990,Fayre,Lusk,fluskrh@redcross.org,Female,213.78.91.221,true
991,Marve,McBride,mmcbrideri@blinklist.com,Male,207.88.85.217,false
992,Suzi,Gilfillan,sgilfillanrj@altervista.org,Female,94.132.183.57,true
993,Lazar,Fattori,lfattorirk@myspace.com,Male,216.29.162.144,false
994,Paulina,Todarini,ptodarinirl@dailymail.co.uk,Female,199.121.104.203,false
995,Hermy,McGookin,hmcgookinrm@bloomberg.com,Genderqueer,248.97.11.11,true
996,Roselia,Nehl,rnehlrn@zdnet.com,Female,231.12.244.4,true
997,Derwin,Caveney,dcaveneyro@shareasale.com,Male,176.197.25.198,false
998,Shelagh,Vowells,svowellsrp@upenn.edu,Female,141.8.120.101,true
999,Diann,Skermer,dskermerrq@biglobe.ne.jp,Genderqueer,222.119.229.2,true
1000,Gloriana,Gozzard,ggozzardrr@skype.com,Female,3.61.169.98,false
